TimeStamp,ch1,ch2,ch3,ch4
5865.2043,-6900.36,-13089.13,-9776.31,-3980.49
5865.2083,-6902.74,-13089.71,-9781.08,-3982.16
5865.2123,-6909.94,-13091.04,-9787.94,-3985.45
5865.2163,-6908.32,-13088.8,-9784.7,-3982.88
5865.2203,-6903.03,-13089.61,-9777.98,-3982.35
5865.2243,-6903.27,-13094.14,-9779.98,-3985.93
5865.2283,-6906.8,-13094.09,-9783.79,-3988.41
5865.2323,-6910.61,-13093.0,-9788.18,-3989.41
5865.2363,-6908.47,-13091.61,-9788.47,-3988.89
5865.2403,-6904.89,-13094.28,-9785.41,-3989.7
5865.2443,-6908.99,-13096.43,-9782.94,-3989.41
5865.2483,-6914.85,-13096.91,-9783.27,-3986.45
5865.2523,-6920.05,-13094.52,-9786.42,-3984.31
5865.2563,-6918.72,-13094.47,-9784.51,-3981.73
5865.2603,-6913.09,-13093.76,-9774.02,-3976.77
5865.2643,-6912.28,-13097.48,-9774.3,-3979.16
5865.2683,-6916.14,-13100.67,-9783.17,-3985.31
5865.2723,-6916.95,-13100.01,-9789.85,-3990.51
5865.2763,-6908.08,-13097.29,-9786.18,-3989.27
5865.2803,-6899.98,-13096.0,-9782.41,-3987.6
5865.2843,-6898.64,-13094.71,-9783.46,-3988.12
5865.2883,-6904.56,-13093.66,-9786.23,-3987.03
5865.2923,-6913.52,-13096.76,-9791.09,-3987.41
5865.2963,-6912.38,-13094.05,-9787.61,-3984.31
5865.3003,-6899.79,-13086.99,-9775.4,-3977.87
5865.3043,-6896.16,-13085.18,-9773.83,-3975.73
5865.3083,-6899.93,-13081.74,-9777.88,-3975.34
5865.3123,-6902.74,-13079.17,-9780.74,-3973.82
5865.3163,-6897.93,-13076.26,-9780.46,-3972.15
5865.3203,-6890.25,-13079.07,-9781.89,-3976.39
5865.3243,-6890.39,-13084.56,-9785.46,-3981.88
5865.3283,-6895.73,-13087.7,-9790.61,-3985.36
5865.3323,-6897.16,-13085.8,-9790.8,-3983.55
5865.3363,-6898.59,-13086.65,-9789.75,-3983.07
5865.3403,-6895.4,-13087.42,-9782.6,-3981.73
5865.3443,-6894.45,-13087.46,-9780.27,-3980.35
5865.3483,-6894.49,-13083.08,-9778.6,-3975.73
5865.3523,-6894.78,-13079.26,-9778.21,-3971.91
5865.3563,-6894.68,-13079.93,-9777.83,-3972.91
5865.3603,-6889.25,-13080.98,-9774.45,-3973.01
5865.3643,-6880.09,-13073.45,-9768.68,-3967.67
5865.3683,-6876.28,-13066.2,-9768.92,-3965.04
5865.3723,-6878.95,-13064.48,-9774.02,-3966.57
5865.3763,-6882.57,-13068.96,-9778.41,-3972.34
5865.3803,-6880.76,-13072.3,-9777.88,-3976.87
5865.3843,-6871.8,-13066.44,-9766.87,-3969.62
5865.3883,-6867.93,-13059.14,-9757.57,-3959.04
5865.3923,-6873.18,-13057.81,-9758.9,-3953.89
5865.3963,-6878.23,-13062.81,-9761.14,-3958.08
5865.4003,-6875.13,-13065.48,-9757.38,-3959.51
5865.4043,-6870.89,-13065.67,-9756.9,-3958.13
5865.4083,-6869.94,-13061.62,-9760.19,-3956.75
5865.4123,-6870.84,-13058.23,-9760.71,-3953.89
5865.4163,-6873.23,-13059.09,-9760.14,-3954.98
5865.4203,-6863.79,-13053.7,-9750.56,-3950.55
5865.4243,-6852.53,-13043.93,-9742.17,-3942.82
5865.4283,-6849.67,-13036.78,-9739.02,-3937.91
5865.4323,-6852.44,-13035.92,-9738.3,-3936.2
5865.4363,-6853.63,-13038.02,-9738.26,-3936.48
5865.4403,-6851.15,-13040.12,-9739.35,-3940.39
5865.4443,-6851.67,-13043.21,-9743.55,-3945.07
5865.4483,-6853.15,-13041.97,-9746.03,-3943.25
5865.4523,-6856.54,-13040.07,-9750.46,-3942.73
5865.4563,-6856.3,-13039.07,-9748.89,-3942.82
5865.4603,-6853.1,-13041.59,-9746.41,-3944.02
5865.4643,-6853.53,-13043.98,-9744.84,-3944.3
5865.4683,-6854.34,-13039.59,-9741.5,-3939.82
5865.4723,-6854.15,-13035.06,-9739.21,-3934.72
5865.4763,-6854.96,-13037.97,-9739.59,-3937.2
5865.4803,-6853.68,-13042.93,-9736.83,-3939.1
5865.4843,-6850.77,-13040.59,-9730.2,-3935.05
5865.4883,-6853.58,-13037.16,-9729.82,-3934.24
5865.4923,-6856.68,-13034.82,-9733.34,-3933.95
5865.4963,-6851.63,-13030.15,-9729.43,-3928.14
5865.5003,-6848.62,-13033.25,-9730.58,-3930.95
5865.5043,-6849.96,-13036.4,-9737.3,-3936.39
5865.5083,-6853.2,-13034.82,-9741.12,-3935.81
5865.5123,-6859.78,-13036.78,-9749.03,-3938.15
5865.5163,-6856.68,-13032.53,-9744.74,-3932.71
5865.5203,-6852.87,-13032.1,-9738.16,-3929.81
5865.5243,-6853.39,-13037.25,-9734.25,-3930.76
5865.5283,-6855.82,-13037.49,-9734.87,-3933.1
5865.5323,-6856.92,-13035.63,-9735.68,-3932.57
5865.5363,-6856.92,-13039.78,-9738.92,-3936.1
5865.5403,-6850.48,-13042.12,-9735.16,-3938.2
5865.5443,-6845.52,-13039.69,-9733.73,-3937.01
5865.5483,-6845.48,-13036.63,-9739.5,-3937.48
5865.5523,-6845.24,-13033.11,-9744.6,-3938.01
5865.5563,-6838.7,-13027.86,-9741.36,-3933.24
5865.5603,-6834.56,-13030.58,-9737.78,-3933.14
5865.5643,-6836.8,-13034.01,-9739.4,-3935.29
5865.5683,-6842.52,-13034.15,-9740.4,-3933.86
5865.5723,-6847.72,-13032.06,-9739.69,-3931.71
5865.5763,-6846.52,-13031.06,-9737.45,-3931.24
5865.5803,-6843.76,-13032.06,-9733.63,-3930.71
5865.5843,-6845.9,-13035.01,-9735.35,-3932.62
5865.5883,-6855.77,-13039.97,-9742.69,-3938.01
5865.5923,-6864.17,-13042.69,-9748.17,-3940.06
5865.5963,-6859.59,-13040.64,-9743.55,-3936.01
5865.6003,-6856.82,-13042.07,-9737.45,-3934.96
5865.6043,-6856.63,-13042.17,-9733.11,-3931.71
5865.6083,-6856.54,-13037.3,-9732.44,-3927.47
5865.6123,-6855.44,-13031.96,-9734.3,-3925.9
5865.6163,-6853.39,-13032.25,-9734.49,-3926.47
5865.6203,-6848.15,-13030.58,-9724.9,-3921.22
5865.6243,-6844.09,-13026.86,-9715.61,-3915.36
5865.6283,-6851.1,-13027.76,-9721.52,-3918.98
5865.6323,-6856.78,-13028.0,-9730.39,-3922.7
5865.6363,-6858.73,-13032.25,-9738.73,-3928.28
5865.6403,-6853.87,-13032.96,-9740.45,-3931.48
5865.6443,-6848.81,-13030.48,-9741.5,-3933.29
5865.6483,-6850.82,-13028.24,-9744.26,-3932.76
5865.6523,-6852.01,-13027.53,-9744.31,-3931.71
5865.6563,-6852.53,-13029.86,-9738.49,-3931.05
5865.6603,-6848.62,-13032.1,-9730.58,-3928.71
5865.6643,-6846.33,-13030.29,-9722.66,-3923.51
5865.6683,-6844.47,-13023.85,-9717.75,-3917.07
5865.6723,-6843.52,-13018.9,-9717.08,-3913.98
5865.6763,-6840.61,-13018.71,-9715.56,-3911.97
5865.6803,-6840.18,-13020.37,-9713.03,-3914.17
5865.6843,-6839.13,-13019.28,-9711.31,-3912.83
5865.6883,-6843.85,-13019.8,-9718.94,-3916.45
5865.6923,-6849.34,-13021.28,-9729.05,-3922.32
5865.6963,-6852.25,-13026.05,-9735.59,-3929.04
5865.7003,-6852.72,-13033.68,-9737.73,-3935.19
5865.7043,-6850.67,-13035.82,-9738.06,-3936.01
5865.7083,-6849.0,-13031.29,-9741.4,-3933.33
5865.7123,-6852.82,-13031.34,-9749.27,-3935.15
5865.7163,-6855.54,-13036.78,-9756.14,-3941.63
5865.7203,-6851.01,-13038.64,-9751.61,-3941.01
5865.7243,-6848.62,-13038.64,-9747.08,-3940.06
5865.7283,-6845.95,-13032.53,-9743.55,-3934.91
5865.7324,-6845.43,-13028.48,-9743.88,-3930.76
5865.7364,-6846.91,-13031.34,-9747.32,-3933.53
5865.7404,-6841.99,-13032.72,-9743.5,-3932.81
5865.7444,-6839.13,-13028.0,-9737.64,-3927.76
5865.7484,-6841.71,-13022.0,-9733.87,-3922.84
5865.7524,-6843.23,-13017.42,-9729.77,-3917.55
5865.7564,-6844.47,-13019.99,-9728.72,-3917.98
5865.7604,-6841.99,-13021.71,-9726.53,-3919.22
5865.7644,-6843.38,-13023.33,-9726.38,-3920.41
5865.7684,-6847.1,-13023.9,-9728.34,-3921.6
5865.7724,-6851.01,-13024.76,-9735.2,-3924.37
5865.7764,-6852.87,-13026.05,-9742.79,-3929.66
5865.7804,-6843.9,-13024.57,-9739.26,-3930.14
5865.7844,-6842.14,-13026.24,-9737.83,-3931.86
5865.7884,-6850.96,-13030.44,-9744.6,-3935.62
5865.7924,-6854.3,-13027.0,-9746.46,-3934.05
5865.7964,-6850.62,-13023.33,-9739.88,-3929.09
5865.8004,-6848.24,-13023.95,-9735.2,-3928.28
5865.8044,-6844.38,-13023.04,-9731.25,-3925.28
5865.8084,-6847.76,-13020.8,-9729.67,-3922.42
5865.8124,-6850.39,-13018.66,-9728.0,-3919.13
5865.8164,-6851.24,-13019.99,-9725.14,-3917.17
5865.8204,-6849.15,-13024.14,-9725.86,-3920.56
5865.8244,-6848.77,-13027.38,-9730.34,-3925.09
5865.8284,-6853.87,-13030.67,-9738.68,-3930.14
5865.8324,-6863.98,-13035.87,-9747.98,-3936.24
5865.8364,-6867.84,-13040.69,-9752.61,-3940.06
5865.8404,-6865.74,-13044.74,-9752.42,-3944.21
5865.8444,-6865.07,-13048.17,-9751.94,-3946.16
5865.8484,-6871.37,-13050.89,-9757.14,-3949.64
5865.8524,-6873.61,-13046.93,-9759.47,-3947.07
5865.8564,-6865.12,-13038.59,-9749.89,-3937.24
5865.8604,-6856.87,-13036.54,-9743.07,-3934.0
5865.8644,-6851.05,-13031.82,-9740.45,-3930.57
5865.8684,-6848.77,-13024.81,-9738.88,-3922.65
5865.8724,-6850.67,-13021.57,-9738.4,-3918.98
5865.8764,-6850.34,-13022.71,-9737.83,-3921.37
5865.8804,-6845.81,-13023.81,-9731.34,-3919.17
5865.8844,-6841.33,-13019.94,-9724.48,-3914.31
5865.8884,-6846.29,-13022.62,-9728.86,-3916.03
5865.8924,-6855.01,-13030.72,-9738.49,-3925.85
5865.8964,-6859.21,-13037.35,-9741.59,-3933.05
5865.9004,-6855.58,-13036.87,-9734.35,-3931.05
5865.9044,-6854.06,-13037.3,-9731.48,-3930.43
5865.9084,-6856.39,-13035.25,-9727.38,-3924.7
5865.9124,-6861.02,-13035.78,-9729.34,-3924.27
5865.9164,-6862.45,-13037.97,-9733.11,-3928.52
5865.9204,-6860.92,-13041.59,-9735.2,-3932.76
5865.9244,-6861.16,-13042.36,-9733.92,-3933.48
5865.9284,-6862.12,-13040.73,-9734.39,-3931.48
5865.9324,-6861.78,-13037.83,-9734.25,-3928.95
5865.9364,-6863.64,-13036.82,-9733.96,-3927.18
5865.9404,-6862.26,-13039.07,-9731.25,-3927.52
5865.9444,-6864.98,-13041.35,-9734.73,-3932.19
5865.9484,-6861.88,-13037.97,-9735.25,-3931.24
5865.9524,-6865.69,-13039.64,-9743.69,-3935.62
5865.9564,-6868.17,-13043.02,-9749.94,-3939.58
5865.9604,-6865.84,-13046.6,-9748.79,-3942.35
5865.9644,-6868.7,-13051.37,-9751.75,-3947.31
5865.9684,-6874.42,-13052.99,-9757.66,-3948.88
5865.9724,-6877.71,-13053.13,-9761.14,-3949.02
5865.9764,-6875.04,-13052.13,-9757.85,-3947.12
5865.9804,-6870.94,-13054.85,-9755.52,-3947.54
5865.9844,-6865.22,-13052.56,-9753.9,-3946.64
5865.9884,-6869.17,-13050.99,-9758.52,-3947.45
5865.9924,-6877.95,-13054.56,-9765.44,-3951.79
5865.9964,-6878.0,-13056.09,-9764.48,-3952.65
5866.0004,-6867.84,-13051.94,-9752.99,-3946.97
5866.0044,-6863.83,-13051.65,-9751.65,-3946.88
5866.0084,-6866.17,-13048.13,-9753.9,-3945.54
5866.0124,-6869.27,-13046.22,-9757.38,-3943.54
5866.0164,-6874.18,-13053.61,-9764.39,-3953.08
5866.0204,-6873.42,-13059.09,-9764.86,-3958.75
5866.0244,-6870.6,-13056.23,-9760.57,-3955.32
5866.0284,-6874.28,-13056.71,-9764.2,-3956.13
5866.0324,-6874.04,-13052.61,-9766.29,-3953.65
5866.0364,-6859.16,-13037.21,-9746.65,-3935.77
5866.0404,-6857.44,-13039.4,-9743.31,-3937.39
5866.0444,-6858.92,-13042.02,-9743.36,-3940.87
5866.0484,-6859.83,-13042.64,-9746.89,-3944.35
5866.0524,-6865.79,-13043.93,-9751.7,-3946.83
5866.0564,-6867.31,-13046.84,-9751.13,-3947.78
5866.0604,-6870.41,-13058.66,-9754.61,-3956.7
5866.0644,-6858.45,-13048.94,-9744.79,-3946.73
5866.0684,-6857.3,-13042.21,-9743.74,-3940.63
5866.0724,-6862.21,-13042.12,-9747.36,-3943.49
5866.0764,-6862.59,-13044.03,-9749.56,-3946.3
5866.0804,-6865.79,-13052.66,-9756.76,-3954.79
5866.0844,-6865.55,-13055.76,-9760.86,-3957.7
5866.0884,-6870.56,-13057.42,-9765.34,-3959.04
5866.0924,-6867.27,-13048.89,-9762.38,-3952.69
5866.0964,-6872.37,-13059.52,-9767.34,-3959.7
5866.1004,-6877.23,-13070.63,-9767.49,-3967.0
5866.1044,-6876.66,-13068.77,-9764.0,-3966.62
5866.1084,-6877.28,-13065.2,-9766.68,-3964.23
5866.1124,-6880.81,-13063.48,-9768.3,-3963.66
5866.1164,-6878.71,-13062.1,-9765.01,-3962.37
5866.1204,-6874.66,-13064.0,-9762.15,-3963.57
5866.1244,-6871.61,-13061.14,-9758.71,-3960.85
5866.1285,-6872.23,-13056.18,-9755.33,-3955.22
5866.1325,-6873.94,-13052.75,-9756.04,-3954.94
5866.1365,-6870.65,-13051.56,-9752.99,-3952.6
5866.1405,-6863.83,-13050.89,-9745.22,-3950.31
5866.1445,-6863.31,-13050.03,-9743.36,-3948.07
5866.1485,-6862.36,-13047.36,-9746.5,-3946.07
5866.1525,-6861.93,-13043.98,-9748.94,-3944.11
5866.1565,-6858.16,-13038.45,-9742.93,-3939.01
5866.1605,-6854.3,-13038.59,-9738.35,-3938.06
5866.1645,-6853.92,-13037.87,-9738.26,-3937.2
5866.1685,-6861.02,-13041.64,-9748.32,-3942.97
5866.1725,-6870.08,-13046.79,-9757.81,-3949.31
5866.1765,-6874.61,-13053.08,-9764.96,-3958.13
5866.1805,-6874.13,-13059.24,-9768.2,-3963.8
5866.1845,-6872.27,-13060.0,-9767.25,-3962.28
5866.1885,-6878.57,-13062.43,-9772.64,-3965.09
5866.1925,-6891.44,-13068.77,-9780.74,-3972.39
5866.1965,-6893.92,-13070.73,-9781.12,-3974.3
5866.2005,-6887.58,-13072.83,-9779.41,-3975.53
5866.2045,-6885.0,-13075.83,-9781.79,-3978.44
5866.2085,-6888.68,-13076.02,-9786.46,-3979.02
5866.2125,-6893.92,-13076.02,-9791.66,-3979.97
5866.2165,-6885.58,-13072.11,-9789.9,-3978.4
5866.2205,-6879.66,-13072.25,-9787.89,-3979.49
5866.2245,-6873.7,-13069.44,-9781.6,-3975.3
5866.2285,-6873.42,-13065.34,-9774.97,-3967.81
5866.2325,-6880.47,-13067.68,-9774.83,-3966.19
5866.2365,-6886.05,-13073.02,-9780.65,-3971.2
5866.2405,-6884.86,-13074.26,-9774.11,-3971.05
5866.2445,-6884.29,-13075.16,-9773.88,-3972.2
5866.2485,-6888.77,-13076.35,-9781.17,-3975.44
5866.2525,-6893.4,-13076.16,-9786.99,-3977.06
5866.2565,-6894.92,-13080.41,-9791.76,-3981.45
5866.2605,-6896.31,-13084.75,-9790.28,-3984.88
5866.2645,-6899.88,-13087.08,-9790.71,-3986.45
5866.2685,-6902.65,-13084.84,-9790.14,-3983.12
5866.2725,-6902.41,-13079.88,-9789.66,-3980.16
5866.2765,-6899.45,-13079.07,-9786.56,-3978.35
5866.2805,-6896.35,-13083.84,-9783.51,-3981.35
5866.2845,-6896.07,-13086.65,-9783.98,-3983.16
5866.2885,-6896.31,-13083.41,-9785.46,-3982.21
5866.2925,-6896.78,-13081.65,-9786.8,-3981.73
5866.2965,-6897.21,-13083.22,-9787.08,-3982.12
5866.3005,-6893.59,-13083.65,-9786.27,-3984.02
5866.3045,-6888.49,-13079.5,-9781.31,-3980.21
5866.3085,-6891.73,-13078.07,-9782.79,-3979.4
5866.3125,-6893.59,-13075.83,-9782.32,-3976.54
5866.3165,-6891.25,-13072.97,-9778.17,-3973.25
5866.3205,-6888.58,-13075.64,-9772.44,-3973.1
5866.3245,-6887.29,-13077.64,-9771.54,-3973.15
5866.3285,-6891.16,-13078.55,-9775.4,-3974.53
5866.3325,-6894.59,-13078.02,-9778.26,-3974.77
5866.3365,-6893.25,-13075.64,-9775.69,-3972.72
5866.3405,-6892.01,-13080.22,-9773.45,-3975.92
5866.3445,-6892.63,-13084.08,-9774.88,-3979.83
5866.3485,-6893.25,-13080.46,-9776.64,-3979.25
5866.3525,-6893.11,-13074.16,-9775.4,-3973.77
5866.3565,-6892.06,-13072.83,-9771.11,-3969.48
5866.3605,-6888.87,-13074.45,-9766.06,-3969.19
5866.3645,-6889.01,-13074.97,-9764.62,-3969.43
5866.3685,-6892.16,-13073.88,-9768.06,-3969.72
5866.3725,-6898.4,-13073.59,-9772.73,-3969.53
5866.3765,-6900.93,-13075.88,-9771.54,-3969.81
5866.3805,-6892.68,-13074.73,-9762.77,-3967.33
5866.3845,-6891.73,-13073.54,-9762.34,-3967.81
5866.3885,-6894.64,-13069.92,-9765.2,-3965.81
5866.3925,-6891.97,-13066.25,-9766.87,-3963.8
5866.3965,-6884.05,-13062.19,-9763.05,-3960.8
5866.4005,-6885.67,-13067.91,-9763.1,-3964.71
5866.4045,-6882.91,-13064.91,-9759.47,-3961.18
5866.4085,-6884.67,-13063.24,-9763.53,-3960.18
5866.4125,-6886.2,-13060.62,-9766.68,-3960.56
5866.4165,-6885.62,-13061.0,-9770.39,-3962.47
5866.4205,-6884.38,-13070.54,-9775.83,-3972.15
5866.4245,-6890.77,-13078.6,-9782.74,-3981.16
5866.4285,-6895.11,-13081.41,-9789.61,-3986.36
5866.4325,-6897.5,-13079.69,-9793.38,-3987.31
5866.4365,-6896.21,-13078.07,-9795.05,-3988.03
5866.4405,-6889.92,-13081.55,-9794.81,-3992.7
5866.4445,-6884.77,-13080.22,-9790.61,-3990.75
5866.4485,-6884.77,-13077.26,-9788.8,-3985.88
5866.4525,-6888.68,-13074.59,-9789.75,-3982.59
5866.4565,-6888.15,-13076.12,-9789.18,-3982.64
5866.4605,-6880.67,-13075.93,-9782.36,-3982.02
5866.4645,-6882.86,-13078.74,-9779.69,-3982.16
5866.4685,-6899.17,-13088.47,-9790.66,-3991.56
5866.4725,-6926.63,-13111.5,-9818.27,-4016.02
5866.4765,-6932.55,-13121.08,-9829.38,-4025.89
5866.4805,-6930.78,-13125.66,-9828.81,-4029.66
5866.4845,-6934.79,-13132.62,-9831.72,-4035.0
5866.4885,-6939.98,-13131.67,-9835.58,-4035.0
5866.4925,-6945.32,-13129.86,-9838.87,-4034.33
5866.4965,-6944.94,-13129.52,-9836.15,-4033.33
5866.5005,-6938.7,-13130.52,-9831.53,-4033.85
5866.5045,-6934.79,-13129.81,-9829.14,-4032.56
5866.5085,-6936.41,-13126.28,-9826.71,-4028.51
5866.5125,-6939.6,-13123.7,-9827.76,-4025.94
5866.5165,-6938.36,-13125.18,-9826.14,-4024.94
5866.5205,-6929.97,-13125.71,-9821.85,-4024.55
5866.5245,-6925.92,-13122.13,-9819.6,-4022.36
5866.5285,-6926.68,-13121.8,-9823.13,-4023.27
5866.5325,-6930.21,-13119.75,-9827.0,-4023.6
5866.5365,-6929.73,-13119.08,-9824.9,-4023.5
5866.5405,-6928.16,-13120.8,-9821.75,-4024.84
5866.5445,-6922.2,-13114.98,-9815.46,-4016.83
5866.5485,-6920.39,-13112.88,-9818.17,-4014.06
5866.5525,-6922.06,-13108.54,-9816.74,-4009.53
5866.5565,-6926.16,-13110.64,-9815.98,-4009.58
5866.5605,-6924.92,-13112.93,-9814.12,-4011.35
5866.5645,-6920.91,-13112.12,-9815.65,-4011.82
5866.5685,-6917.43,-13109.73,-9815.98,-4009.68
5866.5725,-6922.87,-13111.16,-9819.84,-4012.16
5866.5765,-6926.35,-13114.12,-9824.32,-4016.5
5866.5805,-6916.09,-13110.11,-9819.37,-4014.78
5866.5845,-6906.8,-13104.3,-9811.02,-4008.25
5866.5885,-6912.57,-13102.82,-9809.35,-4004.62
5866.5925,-6919.43,-13102.39,-9812.12,-4004.05
5866.5965,-6922.29,-13106.3,-9815.5,-4007.96
5866.6005,-6921.48,-13112.36,-9814.79,-4012.78
5866.6045,-6919.77,-13113.21,-9810.59,-4012.49
5866.6085,-6923.91,-13114.5,-9814.17,-4013.35
5866.6125,-6930.45,-13118.6,-9821.08,-4017.5
5866.6165,-6933.83,-13124.94,-9824.23,-4022.31
5866.6205,-6931.83,-13127.38,-9823.42,-4025.27
5866.6245,-6920.96,-13116.22,-9812.17,-4013.35
5866.6285,-6915.52,-13107.16,-9806.97,-4005.05
5866.6325,-6913.42,-13102.96,-9809.26,-4003.86
5866.6365,-6909.32,-13102.49,-9811.21,-4004.29
5866.6405,-6906.18,-13099.77,-9805.01,-4002.09
5866.6445,-6910.18,-13098.77,-9799.91,-3999.33
5866.6485,-6916.95,-13100.29,-9806.06,-4000.43
5866.6525,-6922.1,-13101.82,-9810.16,-4003.48
5866.6566,-6921.29,-13103.82,-9808.88,-4003.95
5866.6606,-6918.24,-13108.49,-9807.78,-4007.39
5866.6646,-6918.96,-13110.69,-9808.16,-4010.15
5866.6686,-6921.39,-13107.4,-9811.5,-4009.44
5866.6726,-6921.96,-13103.25,-9815.6,-4009.53
5866.6766,-6916.19,-13101.91,-9812.55,-4008.25
5866.6806,-6910.56,-13103.3,-9806.49,-4007.2
5866.6846,-6909.42,-13104.44,-9809.4,-4010.15
5866.6886,-6912.52,-13104.39,-9815.5,-4013.01
5866.6926,-6915.71,-13101.44,-9816.36,-4010.25
5866.6966,-6917.33,-13102.63,-9814.26,-4009.2
5866.7006,-6917.33,-13106.82,-9812.45,-4012.06
5866.7046,-6920.05,-13109.88,-9813.02,-4012.78
5866.7086,-6921.72,-13105.58,-9811.02,-4007.44
5866.7126,-6923.82,-13103.77,-9810.31,-4004.81
5866.7166,-6924.34,-13105.49,-9810.07,-4006.96
5866.7206,-6920.24,-13107.35,-9807.16,-4008.15
5866.7246,-6919.58,-13105.2,-9804.44,-4006.58
5866.7286,-6922.82,-13104.49,-9808.3,-4006.34
5866.7326,-6926.78,-13104.87,-9812.17,-4007.1
5866.7366,-6925.35,-13108.59,-9817.7,-4012.06
5866.7406,-6925.97,-13116.17,-9822.99,-4021.6
5866.7446,-6928.49,-13120.03,-9827.0,-4027.65
5866.7486,-6932.93,-13121.94,-9833.38,-4031.71
5866.7526,-6934.93,-13121.23,-9839.39,-4033.66
5866.7566,-6935.6,-13120.84,-9838.15,-4034.28
5866.7606,-6936.36,-13122.61,-9831.38,-4032.56
5866.7646,-6933.79,-13121.18,-9822.85,-4027.99
5866.7686,-6934.69,-13118.94,-9825.42,-4026.03
5866.7726,-6938.32,-13117.93,-9828.81,-4025.32
5866.7766,-6936.55,-13119.46,-9829.0,-4026.27
5866.7806,-6931.4,-13119.17,-9824.23,-4025.22
5866.7846,-6925.01,-13114.41,-9817.36,-4020.31
5866.7886,-6923.49,-13110.16,-9816.89,-4018.4
5866.7926,-6928.02,-13112.83,-9823.7,-4021.74
5866.7966,-6928.64,-13116.22,-9825.09,-4024.03
5866.8006,-6924.44,-13116.65,-9822.08,-4026.08
5866.8046,-6926.59,-13117.31,-9818.75,-4026.6
5866.8086,-6928.4,-13113.93,-9816.98,-4021.17
5866.8126,-6931.64,-13111.5,-9815.36,-4016.02
5866.8166,-6932.74,-13111.74,-9812.31,-4014.97
5866.8206,-6928.59,-13110.26,-9806.54,-4012.49
5866.8246,-6925.77,-13110.69,-9808.02,-4013.59
5866.8286,-6921.53,-13104.44,-9808.49,-4009.91
5866.8326,-6920.58,-13099.58,-9809.35,-4007.82
5866.8366,-6914.52,-13095.76,-9802.91,-4004.29
5866.8406,-6911.33,-13095.81,-9795.62,-4002.43
5866.8446,-6913.47,-13100.2,-9799.77,-4006.96
5866.8486,-6919.05,-13101.87,-9804.39,-4010.01
5866.8526,-6920.05,-13102.15,-9805.39,-4008.25
5866.8566,-6919.48,-13104.25,-9805.59,-4008.29
5866.8606,-6921.39,-13110.11,-9805.39,-4012.97
5866.8646,-6923.1,-13114.69,-9806.63,-4017.31
5866.8686,-6922.44,-13109.35,-9807.3,-4013.16
5866.8726,-6924.2,-13106.54,-9807.92,-4009.34
5866.8766,-6923.39,-13107.16,-9806.68,-4009.44
5866.8806,-6917.76,-13104.3,-9803.92,-4008.58
5866.8846,-6910.37,-13098.67,-9796.86,-4002.67
5866.8886,-6910.99,-13094.67,-9797.05,-3999.38
5866.8926,-6907.18,-13089.23,-9795.52,-3996.09
5866.8966,-6899.64,-13085.65,-9791.09,-3993.03
5866.9006,-6893.68,-13088.51,-9790.33,-3995.71
5866.9046,-6891.92,-13089.04,-9793.0,-3998.23
5866.9086,-6894.11,-13087.46,-9793.81,-3996.94
5866.9126,-6894.3,-13085.03,-9788.61,-3993.13
5866.9166,-6891.92,-13087.23,-9785.18,-3993.85
5866.9206,-6886.63,-13087.61,-9778.17,-3992.27
5866.9246,-6883.15,-13084.65,-9773.11,-3987.88
5866.9286,-6884.53,-13078.17,-9770.73,-3981.69
5866.9326,-6889.73,-13081.74,-9774.97,-3984.07
5866.9366,-6891.01,-13086.8,-9780.65,-3991.32
5866.9406,-6882.0,-13079.36,-9772.97,-3983.31
5866.9446,-6871.27,-13070.11,-9764.0,-3972.63
5866.9486,-6874.99,-13070.39,-9771.78,-3974.77
5866.9526,-6880.38,-13071.63,-9780.17,-3977.49
5866.9566,-6883.43,-13076.21,-9782.22,-3982.12
5866.9606,-6881.14,-13082.79,-9781.46,-3985.74
5866.9646,-6887.96,-13093.04,-9788.13,-3995.85
5866.9686,-6897.83,-13097.86,-9794.19,-4000.28
5866.9726,-6898.31,-13090.8,-9785.27,-3990.56
5866.9766,-6897.21,-13091.95,-9778.31,-3988.79
5866.9806,-6891.54,-13092.09,-9773.78,-3989.41
5866.9846,-6888.68,-13091.33,-9773.45,-3989.27
5866.9886,-6894.88,-13092.09,-9781.79,-3994.04
5866.9926,-6893.25,-13085.8,-9781.31,-3990.75
5866.9966,-6892.3,-13083.41,-9779.41,-3987.6
5867.0006,-6890.11,-13086.18,-9777.02,-3987.03
5867.0046,-6889.01,-13087.89,-9775.69,-3985.93
5867.0086,-6891.3,-13083.41,-9776.74,-3983.12
5867.0126,-6890.58,-13078.64,-9776.78,-3979.06
5867.0166,-6893.68,-13083.27,-9780.93,-3983.55
5867.0206,-6895.16,-13090.42,-9784.37,-3989.46
5867.0246,-6899.17,-13093.52,-9785.8,-3991.22
5867.0286,-6903.7,-13095.09,-9790.52,-3992.27
5867.0326,-6905.03,-13092.81,-9791.9,-3992.27
5867.0366,-6903.36,-13093.28,-9788.32,-3992.27
5867.0406,-6893.92,-13091.61,-9780.93,-3989.55
5867.0446,-6890.63,-13087.23,-9775.4,-3984.79
5867.0486,-6894.54,-13085.18,-9775.26,-3981.45
5867.0526,-6894.68,-13080.79,-9774.4,-3975.58
5867.0566,-6890.82,-13080.55,-9771.01,-3973.68
5867.0606,-6888.72,-13085.18,-9769.97,-3978.35
5867.0646,-6893.06,-13088.9,-9773.3,-3983.12
5867.0686,-6899.69,-13089.99,-9778.69,-3985.83
5867.0726,-6908.99,-13093.66,-9784.41,-3987.93
5867.0766,-6910.52,-13099.62,-9788.8,-3993.7
5867.0806,-6909.47,-13105.25,-9791.8,-3998.76
5867.0846,-6908.75,-13104.06,-9790.23,-3998.66
5867.0886,-6909.8,-13102.15,-9792.81,-3996.13
5867.0926,-6910.52,-13096.29,-9791.71,-3992.89
5867.0966,-6903.51,-13090.56,-9783.7,-3986.31
5867.1006,-6896.35,-13090.85,-9776.16,-3982.88
5867.1046,-6893.92,-13087.46,-9769.25,-3977.49
5867.1086,-6897.16,-13085.99,-9768.82,-3974.15
5867.1126,-6903.46,-13089.04,-9774.69,-3977.73
5867.1166,-6906.27,-13092.33,-9776.64,-3982.35
5867.1206,-6905.89,-13099.0,-9779.07,-3989.46
5867.1246,-6903.41,-13098.24,-9778.36,-3989.46
5867.1286,-6903.98,-13094.52,-9780.93,-3987.46
5867.1326,-6907.99,-13094.38,-9786.75,-3988.46
5867.1366,-6910.56,-13097.57,-9790.9,-3992.94
5867.1406,-6905.18,-13094.28,-9785.61,-3990.56
5867.1446,-6897.4,-13087.75,-9778.69,-3984.21
5867.1486,-6890.25,-13082.22,-9773.4,-3978.68
5867.1526,-6897.55,-13082.32,-9774.83,-3978.78
5867.1566,-6904.84,-13086.32,-9778.45,-3982.59
5867.1606,-6903.08,-13091.66,-9777.64,-3985.02
5867.1646,-6898.5,-13089.52,-9772.64,-3981.64
5867.1686,-6896.69,-13085.46,-9771.68,-3977.06
5867.1726,-6906.61,-13090.33,-9777.26,-3981.54
5867.1766,-6907.23,-13091.42,-9776.36,-3981.88
5867.1806,-6897.97,-13089.71,-9772.44,-3980.92
5867.1847,-6896.59,-13091.85,-9776.88,-3985.26
5867.1887,-6905.32,-13096.19,-9785.8,-3989.74
5867.1927,-6909.28,-13097.1,-9789.71,-3992.18
5867.1967,-6908.47,-13097.86,-9786.46,-3993.65
5867.2007,-6905.41,-13100.43,-9782.94,-3995.51
5867.2047,-6907.8,-13104.2,-9782.94,-3998.85
5867.2087,-6910.99,-13102.87,-9786.03,-3998.47
5867.2127,-6912.38,-13099.34,-9788.37,-3995.75
5867.2167,-6908.18,-13096.24,-9783.79,-3992.56
5867.2207,-6903.03,-13094.05,-9778.17,-3989.98
5867.2247,-6899.64,-13089.56,-9776.4,-3987.03
5867.2287,-6895.21,-13081.46,-9772.16,-3980.73
5867.2327,-6894.3,-13078.41,-9771.92,-3976.97
5867.2367,-6890.63,-13077.98,-9769.11,-3974.92
5867.2407,-6890.3,-13084.22,-9768.58,-3978.73
5867.2447,-6891.87,-13087.27,-9769.82,-3983.45
5867.2487,-6894.73,-13085.99,-9772.97,-3984.12
5867.2527,-6891.78,-13082.74,-9772.02,-3979.78
5867.2567,-6894.16,-13086.42,-9771.49,-3981.3
5867.2607,-6897.69,-13092.23,-9772.78,-3986.88
5867.2647,-6900.84,-13094.76,-9776.07,-3989.84
5867.2687,-6900.36,-13089.75,-9772.35,-3984.31
5867.2727,-6897.78,-13084.99,-9768.73,-3979.87
5867.2767,-6895.5,-13083.51,-9767.15,-3978.3
5867.2807,-6891.2,-13081.31,-9763.19,-3975.63
5867.2847,-6890.11,-13081.84,-9765.2,-3977.2
5867.2887,-6896.54,-13083.84,-9772.16,-3979.73
5867.2927,-6897.4,-13082.08,-9774.02,-3978.59
5867.2967,-6892.4,-13079.26,-9772.59,-3977.35
5867.3007,-6888.58,-13080.36,-9771.3,-3979.16
5867.3047,-6890.58,-13082.65,-9770.68,-3981.21
5867.3087,-6898.26,-13086.13,-9773.59,-3982.02
5867.3127,-6904.7,-13085.41,-9778.07,-3984.36
5867.3172,-6899.31,-13082.65,-9773.21,-3982.88
5867.3212,-6895.4,-13086.61,-9772.73,-3986.07
5867.3252,-6892.92,-13084.7,-9769.06,-3981.45
5867.3292,-6895.16,-13082.79,-9766.96,-3978.21
5867.3332,-6901.55,-13084.94,-9768.34,-3979.73
5867.3372,-6903.6,-13086.85,-9767.58,-3980.3
5867.3412,-6896.31,-13084.99,-9761.62,-3976.39
5867.3452,-6890.11,-13080.55,-9757.71,-3972.58
5867.3492,-6889.68,-13074.73,-9759.38,-3971.43
5867.3532,-6890.15,-13071.35,-9761.81,-3969.81
5867.3572,-6882.14,-13066.48,-9758.33,-3965.28
5867.3612,-6873.8,-13065.48,-9753.75,-3965.62
5867.3652,-6875.33,-13066.1,-9754.95,-3966.71
5867.3692,-6883.53,-13069.2,-9761.38,-3968.14
5867.3732,-6889.44,-13070.92,-9767.72,-3971.96
5867.3772,-6892.3,-13072.78,-9770.11,-3974.68
5867.3812,-6892.16,-13079.41,-9769.35,-3977.73
5867.3852,-6891.35,-13082.46,-9771.63,-3979.64
5867.3892,-6892.4,-13080.88,-9773.16,-3978.78
5867.3932,-6894.92,-13079.12,-9771.3,-3976.92
5867.3972,-6892.63,-13078.36,-9767.49,-3975.53
5867.4012,-6883.24,-13077.36,-9760.57,-3975.53
5867.4052,-6881.52,-13076.83,-9760.05,-3976.15
5867.4092,-6887.91,-13074.4,-9763.53,-3976.87
5867.4132,-6889.39,-13070.39,-9763.48,-3973.1
5867.4172,-6892.63,-13075.4,-9771.3,-3979.97
5867.4212,-6891.06,-13079.88,-9772.83,-3984.36
5867.4252,-6890.15,-13079.69,-9772.59,-3982.54
5867.4292,-6887.58,-13073.49,-9771.25,-3977.01
5867.4332,-6883.81,-13066.53,-9769.54,-3972.82
5867.4372,-6885.72,-13070.87,-9769.87,-3975.11
5867.4412,-6881.38,-13071.49,-9763.15,-3974.1
5867.4452,-6878.23,-13067.1,-9758.66,-3969.57
5867.4487,-6876.99,-13061.91,-9753.09,-3962.99
5867.4527,-6885.62,-13066.87,-9755.61,-3965.66
5867.4567,-6889.77,-13074.26,-9760.95,-3972.2
5867.4607,-6884.29,-13074.69,-9761.43,-3974.34
5867.4647,-6881.24,-13072.06,-9760.19,-3973.2
5867.4687,-6887.58,-13073.49,-9766.87,-3975.01
5867.4727,-6889.77,-13073.54,-9770.97,-3975.63
5867.4767,-6886.53,-13074.21,-9768.68,-3976.87
5867.4807,-6880.0,-13076.16,-9763.81,-3978.3
5867.4847,-6881.71,-13079.69,-9766.1,-3980.59
5867.4887,-6885.58,-13079.26,-9766.77,-3979.35
5867.4927,-6889.77,-13078.12,-9769.3,-3978.21
5867.4967,-6886.2,-13076.64,-9769.49,-3977.25
5867.5007,-6877.18,-13072.44,-9761.76,-3973.15
5867.5047,-6878.19,-13073.73,-9760.48,-3973.25
5867.5087,-6881.38,-13074.02,-9762.1,-3973.34
5867.5127,-6883.96,-13070.63,-9764.43,-3972.77
5867.5167,-6880.47,-13064.1,-9759.19,-3967.38
5867.5207,-6877.85,-13065.86,-9756.18,-3968.0
5867.5247,-6874.13,-13063.05,-9755.18,-3964.71
5867.5287,-6877.04,-13061.1,-9756.9,-3962.9
5867.5327,-6884.43,-13066.53,-9762.96,-3966.9
5867.5367,-6883.34,-13071.78,-9764.72,-3970.81
5867.5407,-6877.61,-13075.31,-9763.15,-3974.39
5867.5447,-6871.03,-13070.01,-9759.24,-3970.91
5867.5487,-6873.85,-13066.34,-9761.91,-3969.19
5867.5527,-6875.9,-13062.24,-9763.34,-3965.57
5867.5567,-6875.61,-13063.29,-9760.81,-3966.48
5867.5607,-6880.86,-13071.59,-9762.1,-3971.82
5867.5647,-6884.1,-13071.82,-9763.1,-3971.29
5867.5687,-6885.2,-13067.87,-9762.96,-3968.86
5867.5727,-6885.91,-13064.82,-9761.81,-3965.33
5867.5767,-6885.0,-13065.34,-9758.76,-3964.04
5867.5807,-6885.34,-13073.97,-9759.24,-3968.72
5867.5847,-6880.0,-13071.44,-9753.9,-3965.47
5867.5887,-6880.14,-13066.96,-9755.61,-3962.85
5867.5927,-6882.48,-13064.72,-9754.85,-3961.47
5867.5967,-6877.28,-13062.05,-9748.32,-3957.51
5867.6007,-6866.84,-13060.14,-9743.79,-3954.84
5867.6047,-6860.64,-13054.66,-9740.07,-3951.03
5867.6087,-6861.21,-13050.65,-9737.92,-3947.21
5867.6127,-6867.41,-13051.46,-9742.79,-3948.55
5867.6167,-6867.31,-13052.75,-9744.69,-3952.07
5867.6207,-6867.03,-13056.85,-9745.27,-3956.18
5867.6247,-6871.32,-13060.95,-9747.94,-3960.09
5867.6287,-6883.48,-13067.06,-9758.71,-3967.86
5867.6327,-6888.87,-13069.39,-9761.05,-3966.62
5867.6367,-6888.2,-13073.59,-9761.62,-3969.43
5867.6407,-6886.1,-13079.64,-9763.81,-3977.2
5867.6447,-6887.91,-13082.65,-9768.68,-3983.02
5867.6487,-6889.82,-13080.12,-9766.1,-3978.97
5867.6527,-6883.43,-13071.35,-9759.09,-3969.53
5867.6567,-6878.42,-13067.82,-9754.47,-3965.38
5867.6607,-6875.28,-13068.82,-9750.22,-3964.66
5867.6647,-6874.13,-13066.48,-9747.6,-3962.33
5867.6687,-6876.33,-13063.1,-9751.56,-3961.04
5867.6727,-6878.9,-13059.24,-9754.09,-3958.8
5867.6767,-6875.37,-13057.19,-9749.51,-3955.65
5867.6807,-6875.18,-13060.91,-9744.5,-3957.08
5867.6847,-6879.43,-13064.34,-9745.89,-3959.56
5867.6887,-6887.01,-13068.39,-9756.76,-3965.81
5867.6927,-6894.3,-13076.45,-9768.58,-3974.3
5867.6967,-6895.88,-13084.22,-9773.68,-3982.83
5867.7007,-6892.63,-13086.75,-9774.64,-3985.5
5867.7047,-6894.16,-13089.99,-9781.6,-3990.89
5867.7087,-6901.22,-13091.42,-9788.8,-3994.66
5867.7128,-6889.34,-13076.5,-9775.78,-3978.63
5867.7168,-6885.15,-13071.63,-9769.87,-3974.82
5867.7208,-6884.53,-13072.35,-9763.81,-3974.06
5867.7248,-6880.76,-13069.54,-9758.57,-3969.34
5867.7288,-6880.09,-13062.53,-9755.71,-3962.47
5867.7328,-6882.43,-13061.57,-9757.23,-3961.18
5867.7368,-6877.14,-13058.52,-9753.56,-3958.89
5867.7408,-6870.18,-13057.19,-9749.27,-3958.99
5867.7448,-6868.08,-13056.47,-9751.51,-3960.18
5867.7488,-6867.36,-13050.61,-9754.04,-3956.32
5867.7528,-6870.27,-13049.37,-9755.18,-3954.7
5867.7568,-6869.89,-13047.65,-9750.46,-3952.31
5867.7608,-6868.17,-13048.46,-9746.93,-3952.79
5867.7648,-6867.84,-13049.22,-9745.69,-3952.17
5867.7688,-6872.27,-13048.41,-9745.98,-3950.17
5867.7728,-6876.9,-13049.7,-9749.27,-3951.74
5867.7768,-6875.71,-13051.51,-9747.36,-3953.08
5867.7808,-6870.84,-13057.76,-9747.94,-3957.89
5867.7848,-6876.37,-13064.82,-9751.99,-3963.33
5867.7888,-6884.24,-13066.39,-9758.24,-3964.76
5867.7928,-6888.15,-13065.15,-9762.81,-3965.09
5867.7968,-6890.68,-13068.58,-9766.15,-3968.38
5867.8008,-6886.77,-13069.68,-9763.91,-3969.81
5867.8048,-6886.2,-13069.44,-9763.81,-3970.81
5867.8088,-6890.01,-13071.06,-9770.3,-3974.39
5867.8128,-6891.2,-13072.4,-9777.07,-3976.68
5867.8168,-6889.01,-13077.36,-9774.78,-3978.68
5867.8208,-6885.29,-13077.93,-9764.0,-3974.96
5867.8248,-6880.81,-13070.35,-9753.9,-3965.33
5867.8288,-6878.9,-13060.67,-9750.18,-3956.56
5867.8328,-6876.99,-13056.52,-9748.98,-3952.07
5867.8368,-6870.7,-13053.51,-9745.65,-3949.17
5867.8408,-6863.83,-13054.9,-9741.4,-3949.69
5867.8448,-6863.31,-13054.85,-9738.45,-3949.59
5867.8488,-6870.84,-13057.28,-9745.31,-3952.93
5867.8528,-6879.95,-13062.34,-9754.75,-3960.61
5867.8568,-6880.95,-13063.48,-9755.56,-3963.66
5867.8608,-6877.95,-13064.2,-9754.56,-3965.66
5867.8648,-6882.62,-13067.29,-9758.76,-3967.57
5867.8688,-6885.48,-13066.87,-9762.1,-3966.76
5867.8728,-6885.58,-13064.62,-9762.15,-3963.76
5867.8768,-6881.81,-13064.0,-9760.09,-3963.76
5867.8808,-6879.14,-13067.06,-9757.66,-3966.52
5867.8848,-6877.14,-13068.3,-9758.04,-3967.57
5867.8888,-6875.71,-13064.82,-9758.62,-3966.24
5867.8928,-6874.75,-13062.19,-9757.19,-3962.95
5867.8968,-6872.56,-13061.72,-9753.04,-3961.33
5867.9008,-6866.89,-13061.0,-9746.93,-3960.94
5867.9048,-6867.17,-13059.47,-9744.93,-3958.56
5867.9088,-6875.23,-13061.0,-9752.56,-3960.28
5867.9128,-6877.76,-13059.09,-9755.37,-3958.18
5867.9168,-6876.71,-13060.67,-9756.57,-3961.18
5867.9208,-6878.23,-13067.1,-9755.99,-3964.81
5867.9248,-6873.7,-13064.58,-9753.42,-3963.38
5867.9288,-6875.99,-13063.48,-9754.99,-3963.57
5867.9328,-6881.33,-13064.1,-9760.91,-3966.52
5867.9368,-6878.0,-13061.62,-9757.47,-3963.52
5867.9408,-6874.09,-13063.48,-9755.18,-3963.33
5867.9448,-6870.18,-13060.38,-9750.89,-3959.37
5867.9488,-6873.27,-13057.52,-9751.18,-3958.75
5867.9528,-6873.04,-13053.66,-9749.46,-3956.37
5867.9568,-6867.36,-13053.13,-9747.08,-3955.79
5867.9608,-6863.88,-13056.9,-9745.22,-3957.7
5867.9648,-6864.07,-13057.04,-9743.55,-3957.18
5867.9688,-6869.56,-13056.09,-9745.65,-3955.6
5867.9728,-6869.03,-13053.23,-9747.08,-3953.12
5867.9768,-6869.41,-13056.76,-9749.94,-3956.75
5867.9808,-6867.6,-13058.52,-9745.98,-3957.03
5867.9848,-6866.55,-13057.04,-9743.41,-3954.22
5867.9888,-6870.94,-13057.81,-9752.42,-3958.89
5867.9928,-6872.61,-13056.18,-9755.52,-3959.61
5867.9968,-6869.36,-13058.9,-9756.38,-3962.9
5868.0008,-6869.94,-13064.34,-9755.95,-3966.86
5868.0048,-6872.89,-13066.25,-9759.95,-3970.62
5868.0088,-6870.7,-13062.0,-9761.67,-3967.71
5868.0128,-6868.46,-13056.42,-9757.0,-3960.18
5868.0168,-6868.17,-13052.47,-9749.27,-3955.56
5868.0208,-6863.17,-13052.27,-9740.93,-3952.93
5868.0248,-6860.73,-13049.84,-9735.44,-3947.69
5868.0288,-6858.06,-13043.02,-9732.25,-3941.11
5868.0328,-6857.21,-13038.59,-9732.3,-3938.29
5868.0368,-6856.49,-13041.16,-9737.83,-3942.2
5868.0408,-6850.34,-13042.17,-9736.25,-3942.78
5868.0448,-6850.34,-13041.4,-9735.68,-3943.54
5868.0488,-6856.3,-13041.88,-9743.64,-3946.97
5868.0528,-6856.68,-13040.26,-9743.98,-3944.83
5868.0568,-6856.63,-13043.83,-9742.12,-3948.12
5868.0608,-6856.39,-13047.94,-9738.83,-3952.17
5868.0648,-6858.3,-13050.03,-9739.5,-3953.17
5868.0688,-6864.69,-13050.8,-9745.84,-3953.98
5868.0728,-6871.94,-13053.13,-9749.94,-3955.75
5868.0768,-6870.32,-13054.42,-9748.75,-3955.75
5868.0808,-6864.88,-13056.38,-9745.41,-3956.94
5868.0848,-6868.32,-13061.24,-9751.27,-3962.37
5868.0888,-6874.18,-13062.14,-9757.0,-3965.43
5868.0928,-6878.14,-13061.29,-9759.86,-3965.66
5868.0968,-6872.46,-13059.71,-9756.09,-3963.04
5868.1008,-6868.41,-13060.52,-9751.46,-3963.09
5868.1048,-6865.79,-13058.95,-9752.56,-3965.66
5868.1089,-6862.64,-13053.04,-9752.75,-3962.85
5868.1129,-6860.4,-13046.46,-9750.13,-3955.17
5868.1169,-6861.21,-13049.65,-9749.32,-3956.41
5868.1209,-6858.87,-13051.37,-9743.79,-3955.13
5868.1249,-6865.5,-13055.52,-9749.46,-3960.37
5868.1289,-6872.99,-13056.42,-9755.76,-3961.66
5868.1329,-6878.66,-13059.57,-9763.34,-3965.95
5868.1369,-6877.28,-13063.48,-9766.44,-3971.62
5868.1409,-6873.23,-13066.15,-9763.29,-3972.53
5868.1449,-6870.22,-13064.58,-9762.24,-3971.0
5868.1489,-6871.51,-13062.67,-9763.53,-3968.57
5868.1529,-6873.08,-13062.81,-9765.91,-3970.19
5868.1569,-6869.79,-13063.48,-9765.67,-3970.86
5868.1609,-6864.55,-13063.0,-9761.33,-3969.81
5868.1649,-6865.69,-13066.1,-9762.62,-3971.91
5868.1689,-6871.18,-13063.96,-9763.67,-3971.05
5868.1729,-6876.37,-13063.58,-9763.91,-3969.29
5868.1769,-6871.89,-13059.38,-9756.76,-3964.04
5868.1809,-6864.6,-13056.42,-9748.98,-3959.89
5868.1849,-6861.35,-13053.94,-9750.18,-3959.47
5868.1889,-6862.26,-13049.94,-9754.71,-3959.37
5868.1929,-6866.65,-13049.99,-9757.66,-3959.13
5868.1969,-6869.79,-13053.7,-9758.33,-3962.37
5868.2009,-6866.12,-13056.38,-9755.71,-3964.95
5868.2049,-6866.84,-13058.04,-9755.99,-3966.52
5868.2089,-6869.36,-13057.23,-9755.56,-3962.71
5868.2129,-6870.56,-13054.9,-9753.18,-3958.18
5868.2169,-6868.6,-13055.18,-9750.18,-3958.18
5868.2209,-6863.21,-13055.42,-9746.5,-3958.99
5868.2249,-6856.87,-13051.56,-9746.03,-3959.89
5868.2289,-6858.73,-13049.89,-9751.42,-3961.23
5868.2329,-6864.36,-13050.37,-9752.7,-3958.85
5868.2369,-6865.12,-13051.56,-9749.22,-3958.61
5868.2409,-6864.36,-13054.9,-9749.94,-3962.37
5868.2449,-6863.79,-13055.66,-9750.56,-3962.37
5868.2489,-6868.6,-13053.8,-9750.32,-3960.47
5868.2529,-6873.23,-13054.56,-9754.04,-3963.09
5868.2569,-6869.6,-13055.56,-9752.27,-3962.61
5868.2609,-6860.59,-13052.42,-9743.12,-3958.89
5868.2649,-6855.06,-13048.84,-9737.59,-3955.32
5868.2689,-6856.11,-13046.03,-9739.45,-3954.03
5868.2729,-6858.73,-13046.08,-9745.98,-3956.18
5868.2769,-6859.35,-13051.03,-9751.61,-3961.9
5868.2809,-6863.36,-13060.14,-9757.19,-3971.05
5868.2849,-6866.55,-13063.81,-9760.57,-3973.87
5868.2889,-6869.08,-13061.14,-9763.05,-3972.34
5868.2929,-6876.95,-13064.67,-9766.2,-3975.25
5868.2969,-6882.05,-13071.63,-9767.82,-3980.11
5868.3009,-6878.42,-13074.59,-9765.1,-3982.16
5868.3049,-6880.95,-13074.73,-9767.96,-3984.26
5868.3089,-6883.38,-13070.39,-9767.53,-3979.64
5868.3129,-6884.91,-13068.44,-9767.34,-3976.11
5868.3169,-6874.23,-13062.1,-9758.81,-3968.86
5868.3209,-6861.69,-13059.0,-9750.03,-3966.52
5868.3249,-6858.92,-13059.71,-9751.51,-3968.53
5868.3289,-6862.64,-13056.85,-9753.9,-3967.38
5868.3329,-6870.99,-13057.42,-9758.81,-3968.29
5868.3369,-6873.7,-13062.0,-9764.0,-3973.44
5868.3409,-6869.84,-13064.58,-9765.44,-3977.16
5868.3449,-6871.32,-13064.67,-9764.77,-3976.77
5868.3489,-6877.52,-13064.82,-9766.34,-3975.25
5868.3529,-6882.76,-13065.24,-9772.35,-3978.21
5868.3569,-6881.29,-13066.58,-9774.4,-3979.78
5868.3609,-6873.61,-13065.29,-9767.15,-3978.06
5868.3649,-6869.03,-13062.29,-9760.48,-3972.96
5868.3689,-6869.36,-13058.57,-9761.62,-3971.67
5868.3729,-6873.7,-13058.66,-9765.1,-3972.39
5868.3769,-6874.28,-13058.52,-9760.52,-3971.62
5868.3809,-6869.79,-13059.9,-9756.52,-3970.34
5868.3849,-6870.89,-13060.86,-9759.28,-3972.63
5868.3889,-6874.51,-13058.43,-9761.38,-3968.38
5868.3929,-6876.56,-13057.85,-9759.09,-3966.33
5868.3969,-6876.33,-13059.33,-9755.42,-3967.14
5868.4009,-6868.94,-13057.66,-9748.89,-3964.33
5868.4049,-6870.22,-13059.0,-9749.7,-3964.14
5868.4089,-6871.27,-13057.28,-9752.7,-3964.76
5868.4129,-6866.6,-13050.65,-9750.56,-3959.61
5868.4169,-6862.97,-13050.75,-9748.32,-3960.47
5868.4209,-6858.54,-13051.32,-9747.36,-3962.9
5868.4249,-6856.35,-13049.89,-9746.98,-3961.75
5868.4289,-6858.11,-13048.94,-9750.7,-3961.28
5868.4329,-6856.25,-13044.98,-9748.79,-3957.51
5868.4369,-6853.06,-13044.07,-9745.46,-3955.7
5868.4409,-6849.19,-13045.17,-9739.92,-3954.65
5868.4449,-6845.67,-13041.45,-9732.34,-3949.5
5868.4489,-6846.52,-13038.73,-9730.39,-3945.4
5868.4529,-6847.86,-13038.59,-9730.86,-3945.26
5868.4569,-6846.52,-13041.35,-9728.62,-3945.92
5868.4609,-6838.7,-13038.54,-9721.47,-3941.87
5868.4649,-6832.79,-13033.06,-9720.42,-3940.01
5868.4689,-6830.55,-13029.15,-9721.47,-3938.48
5868.4729,-6828.93,-13023.04,-9717.51,-3933.29
5868.4769,-6824.92,-13020.47,-9711.84,-3930.19
5868.4809,-6819.92,-13020.14,-9704.78,-3927.09
5868.4849,-6814.19,-13015.7,-9697.34,-3922.03
5868.4889,-6815.96,-13013.89,-9700.16,-3920.75
5868.4929,-6816.1,-13009.74,-9697.2,-3915.64
5868.4969,-6809.95,-13006.31,-9688.33,-3911.78
5868.5009,-6802.66,-13005.78,-9683.61,-3908.97
5868.5049,-6794.93,-13000.68,-9680.37,-3905.44
5868.5089,-6797.17,-12997.34,-9683.75,-3905.77
5868.5129,-6800.13,-12995.34,-9686.04,-3904.96
5868.5169,-6796.17,-12994.34,-9684.09,-3903.82
5868.5209,-6788.06,-12992.0,-9681.23,-3901.34
5868.5249,-6793.36,-12994.43,-9684.61,-3903.25
5868.5289,-6802.37,-12996.48,-9692.1,-3906.68
5868.5329,-6805.56,-12996.44,-9694.77,-3905.96
5868.5369,-6808.57,-13002.49,-9697.44,-3911.54
5868.5409,-6808.09,-13009.41,-9698.44,-3916.31
5868.5449,-6811.48,-13012.6,-9699.63,-3920.08
5868.5489,-6817.63,-13014.56,-9702.45,-3922.65
5868.5529,-6818.82,-13013.65,-9705.07,-3920.65
5868.5569,-6819.44,-13014.99,-9707.4,-3922.75
5868.5609,-6811.48,-13014.75,-9705.12,-3923.7
5868.5649,-6804.75,-13009.88,-9703.3,-3919.65
5868.5689,-6809.62,-13005.97,-9704.5,-3916.12
5868.5729,-6812.86,-13000.06,-9702.3,-3910.69
5868.5769,-6817.15,-13001.82,-9702.45,-3913.31
5868.5809,-6814.91,-13004.73,-9698.63,-3914.6
5868.5849,-6816.1,-13005.74,-9696.44,-3913.21
5868.5889,-6822.78,-13007.5,-9696.34,-3913.83
5868.5929,-6826.26,-13007.93,-9697.25,-3913.74
5868.5969,-6822.59,-13008.31,-9696.72,-3914.4
5868.6009,-6815.05,-13009.6,-9692.38,-3914.21
5868.6049,-6812.95,-13009.17,-9690.86,-3912.74
5868.6089,-6818.53,-13007.45,-9694.63,-3912.35
5868.6129,-6823.78,-13008.69,-9698.73,-3912.88
5868.6169,-6823.49,-13011.5,-9698.68,-3914.74
5868.6209,-6817.63,-13012.03,-9694.86,-3916.17
5868.6249,-6819.58,-13012.36,-9700.16,-3919.7
5868.6289,-6826.07,-13013.51,-9704.07,-3920.51
5868.6329,-6834.46,-13017.47,-9710.65,-3925.42
5868.637,-6840.04,-13026.76,-9718.18,-3935.29
5868.641,-6837.99,-13031.44,-9719.23,-3939.58
5868.645,-6838.37,-13032.96,-9722.28,-3941.15
5868.649,-6840.75,-13032.25,-9726.43,-3943.25
5868.653,-6840.37,-13031.72,-9730.96,-3944.59
5868.657,-6843.66,-13034.15,-9731.48,-3944.45
5868.661,-6845.09,-13035.97,-9726.57,-3942.78
5868.665,-6847.72,-13036.4,-9725.81,-3942.73
5868.669,-6853.44,-13038.59,-9728.86,-3943.06
5868.673,-6855.35,-13038.88,-9727.96,-3939.49
5868.677,-6849.48,-13035.87,-9718.61,-3934.57
5868.681,-6844.86,-13036.25,-9715.08,-3935.96
5868.685,-6847.57,-13036.78,-9714.8,-3938.06
5868.689,-6852.01,-13037.35,-9719.71,-3939.96
5868.693,-6853.82,-13035.59,-9724.71,-3941.25
5868.697,-6843.42,-13031.63,-9721.42,-3938.15
5868.701,-6838.27,-13031.91,-9719.9,-3939.01
5868.705,-6834.41,-13027.91,-9720.37,-3938.39
5868.709,-6838.23,-13023.9,-9721.14,-3937.34
5868.713,-6845.05,-13023.38,-9722.04,-3934.86
5868.717,-6846.86,-13027.19,-9722.95,-3938.06
5868.721,-6841.33,-13029.62,-9717.51,-3938.87
5868.725,-6840.42,-13031.1,-9712.51,-3936.39
5868.729,-6843.62,-13028.29,-9715.42,-3933.24
5868.733,-6846.05,-13026.81,-9719.13,-3933.05
5868.737,-6846.62,-13031.48,-9725.57,-3941.39
5868.741,-6846.05,-13034.39,-9725.43,-3944.64
5868.745,-6850.2,-13034.92,-9729.62,-3946.88
5868.749,-6854.73,-13033.2,-9734.2,-3947.12
5868.753,-6849.0,-13025.19,-9727.29,-3939.44
5868.757,-6835.89,-13019.23,-9717.04,-3931.95
5868.761,-6830.31,-13020.71,-9713.7,-3933.33
5868.765,-6833.74,-13024.09,-9717.27,-3936.58
5868.769,-6832.65,-13019.66,-9717.32,-3932.86
5868.773,-6832.17,-13014.41,-9716.08,-3928.85
5868.777,-6828.83,-13016.13,-9716.23,-3931.24
5868.781,-6828.26,-13020.71,-9714.99,-3934.15
5868.785,-6832.31,-13023.23,-9716.27,-3935.29
5868.789,-6836.7,-13022.0,-9717.27,-3932.38
5868.793,-6840.66,-13021.28,-9720.37,-3932.67
5868.797,-6839.56,-13024.52,-9715.8,-3934.43
5868.801,-6834.46,-13025.33,-9708.98,-3933.0
5868.805,-6836.32,-13024.57,-9712.17,-3933.24
5868.809,-6838.66,-13024.52,-9719.47,-3935.19
5868.813,-6836.22,-13020.85,-9721.23,-3933.48
5868.817,-6836.37,-13023.81,-9721.8,-3935.58
5868.821,-6835.22,-13026.62,-9722.76,-3939.92
5868.825,-6834.13,-13024.05,-9720.37,-3938.96
5868.829,-6840.18,-13024.9,-9722.57,-3938.72
5868.833,-6851.24,-13031.48,-9733.01,-3944.59
5868.837,-6853.87,-13037.73,-9740.54,-3952.22
5868.841,-6845.33,-13036.3,-9735.11,-3948.5
5868.845,-6840.09,-13032.49,-9730.24,-3943.11
5868.849,-6844.14,-13029.91,-9726.24,-3939.15
5868.853,-6847.24,-13027.86,-9721.04,-3934.81
5868.857,-6843.47,-13028.05,-9715.65,-3932.29
5868.861,-6837.32,-13029.82,-9712.74,-3933.53
5868.865,-6835.27,-13028.19,-9712.79,-3932.33
5868.869,-6836.37,-13024.14,-9711.93,-3928.52
5868.873,-6834.65,-13020.23,-9712.89,-3925.61
5868.877,-6830.22,-13016.18,-9706.98,-3922.08
5868.881,-6825.92,-13014.18,-9699.44,-3919.46
5868.885,-6830.98,-13016.7,-9703.26,-3922.75
5868.889,-6834.03,-13016.75,-9712.65,-3926.18
5868.893,-6837.42,-13018.71,-9718.47,-3929.47
5868.897,-6837.42,-13018.71,-9715.94,-3928.42
5868.901,-6834.03,-13019.37,-9714.89,-3929.9
5868.905,-6840.13,-13024.24,-9719.42,-3934.72
5868.909,-6846.29,-13024.62,-9724.67,-3936.24
5868.913,-6847.1,-13021.8,-9724.38,-3934.72
5868.917,-6843.28,-13021.38,-9721.14,-3933.14
5868.921,-6836.46,-13019.47,-9715.51,-3930.76
5868.925,-6832.98,-13017.66,-9713.7,-3927.42
5868.929,-6836.27,-13017.75,-9716.94,-3927.9
5868.933,-6835.41,-13014.27,-9713.46,-3924.7
5868.937,-6830.98,-13014.84,-9709.93,-3924.08
5868.941,-6825.35,-13015.22,-9702.87,-3921.99
5868.945,-6827.02,-13015.22,-9700.63,-3921.84
5868.949,-6829.83,-13011.93,-9697.87,-3919.51
5868.953,-6834.03,-13014.27,-9702.16,-3921.22
5868.957,-6833.36,-13019.61,-9707.74,-3926.33
5868.961,-6831.36,-13022.71,-9709.41,-3929.33
5868.965,-6836.37,-13024.86,-9715.61,-3932.19
5868.969,-6837.75,-13022.81,-9720.09,-3932.57
5868.973,-6837.61,-13019.85,-9718.61,-3930.38
5868.977,-6837.51,-13022.0,-9715.99,-3932.05
5868.981,-6834.79,-13025.86,-9713.36,-3934.72
5868.985,-6834.7,-13025.57,-9715.61,-3933.29
5868.989,-6836.61,-13023.0,-9717.37,-3931.09
5868.993,-6833.03,-13019.18,-9716.94,-3928.76
5868.997,-6827.07,-13017.04,-9713.79,-3927.28
5869.001,-6821.35,-13014.99,-9708.83,-3925.56
5869.005,-6820.73,-13013.41,-9708.79,-3925.09
5869.009,-6827.02,-13013.79,-9711.27,-3924.75
5869.013,-6829.55,-13014.79,-9713.32,-3925.04
5869.017,-6829.79,-13018.71,-9714.46,-3929.09
5869.021,-6824.68,-13019.9,-9712.98,-3931.95
5869.025,-6821.25,-13015.84,-9711.55,-3929.04
5869.029,-6821.06,-13010.84,-9709.45,-3923.61
5869.033,-6824.92,-13010.36,-9713.03,-3923.89
5869.037,-6823.73,-13011.98,-9712.51,-3924.51
5869.041,-6822.78,-13013.51,-9710.36,-3926.37
5869.045,-6820.63,-13011.89,-9708.74,-3925.09
5869.049,-6823.87,-13009.98,-9711.51,-3924.18
5869.053,-6822.21,-13005.21,-9709.45,-3919.55
5869.057,-6822.4,-13007.12,-9709.41,-3920.84
5869.061,-6822.3,-13010.79,-9706.21,-3922.08
5869.065,-6826.83,-13014.18,-9706.02,-3922.37
5869.069,-6835.41,-13019.61,-9712.27,-3926.8
5869.073,-6840.99,-13022.38,-9719.8,-3930.71
5869.077,-6840.42,-13022.38,-9720.61,-3932.52
5869.081,-6834.7,-13021.95,-9715.51,-3931.76
5869.085,-6836.51,-13025.86,-9718.47,-3933.53
5869.089,-6843.42,-13027.38,-9723.28,-3934.62
5869.093,-6844.28,-13023.57,-9725.81,-3932.52
5869.097,-6843.19,-13024.14,-9722.9,-3933.29
5869.101,-6840.23,-13027.62,-9720.14,-3936.01
5869.105,-6833.98,-13020.8,-9712.51,-3928.42
5869.109,-6830.5,-13009.36,-9703.78,-3916.41
5869.113,-6829.26,-13005.59,-9696.44,-3908.87
5869.117,-6824.59,-13004.78,-9689.14,-3906.25
5869.121,-6816.2,-12999.73,-9682.99,-3902.01
5869.125,-6814.62,-12996.77,-9681.27,-3900.05
5869.129,-6822.92,-12997.1,-9688.43,-3903.06
5869.133,-6831.84,-13002.87,-9696.96,-3908.59
5869.137,-6832.84,-13008.36,-9697.39,-3913.45
5869.141,-6833.03,-13015.94,-9698.06,-3917.6
5869.145,-6833.51,-13017.27,-9701.63,-3919.7
5869.149,-6834.46,-13015.41,-9701.83,-3917.98
5869.153,-6835.75,-13011.5,-9701.3,-3913.93
5869.157,-6827.4,-13004.11,-9691.29,-3906.44
5869.161,-6817.53,-13000.11,-9681.56,-3901.53
5869.1651,-6812.0,-12994.82,-9677.17,-3896.9
5869.1691,-6814.29,-12994.2,-9682.13,-3898.53
5869.1731,-6814.81,-12990.67,-9680.84,-3896.76
5869.1771,-6810.76,-12991.24,-9677.22,-3894.85
5869.1811,-6807.23,-12994.43,-9674.41,-3895.24
5869.1851,-6812.0,-12996.2,-9679.94,-3898.86
5869.1891,-6819.68,-12997.25,-9688.47,-3902.01
5869.1931,-6825.88,-13001.63,-9698.2,-3907.59
5869.1971,-6826.02,-13006.12,-9700.39,-3910.64
5869.2011,-6825.92,-13011.31,-9701.83,-3915.12
5869.2051,-6828.98,-13013.46,-9704.45,-3919.08
5869.2091,-6829.83,-13009.31,-9702.68,-3915.02
5869.2131,-6830.03,-13005.16,-9701.83,-3911.88
5869.2171,-6823.78,-13002.83,-9694.15,-3908.92
5869.2211,-6816.67,-13000.78,-9688.86,-3908.01
5869.2251,-6814.34,-12997.96,-9687.23,-3905.34
5869.2291,-6819.68,-12998.15,-9690.14,-3905.34
5869.2331,-6828.74,-13000.73,-9692.05,-3907.82
5869.2371,-6824.68,-12998.63,-9686.61,-3904.53
5869.2411,-6814.86,-12994.82,-9678.08,-3900.96
5869.2451,-6812.76,-12996.96,-9678.75,-3902.91
5869.2491,-6819.2,-12999.63,-9684.75,-3905.11
5869.2531,-6821.44,-12996.39,-9684.04,-3902.82
5869.2571,-6817.34,-12996.29,-9682.99,-3903.01
5869.2611,-6815.91,-13000.3,-9684.52,-3907.25
5869.2651,-6815.96,-13002.02,-9686.38,-3908.87
5869.2691,-6816.48,-12998.68,-9687.38,-3905.68
5869.2731,-6814.19,-12992.91,-9682.61,-3900.48
5869.2771,-6812.57,-12994.34,-9679.75,-3899.67
5869.2811,-6809.52,-12995.34,-9674.5,-3898.33
5869.2851,-6808.95,-12992.96,-9668.83,-3894.52
5869.2891,-6813.57,-12990.57,-9668.92,-3892.85
5869.2931,-6817.39,-12994.53,-9676.74,-3897.95
5869.2971,-6817.44,-12999.15,-9681.89,-3904.68
5869.3011,-6812.53,-12999.73,-9678.32,-3904.1
5869.3051,-6808.38,-12997.68,-9679.56,-3902.48
5869.3091,-6810.24,-12991.62,-9677.6,-3898.62
5869.3131,-6811.76,-12989.0,-9674.93,-3895.28
5869.3171,-6807.19,-12986.09,-9670.35,-3891.75
5869.3211,-6806.33,-12989.43,-9672.21,-3894.28
5869.3251,-6805.95,-12987.42,-9672.45,-3893.04
5869.3291,-6802.37,-12981.75,-9668.88,-3887.75
5869.3331,-6804.75,-12982.75,-9673.79,-3888.46
5869.3371,-6803.08,-12985.04,-9674.55,-3890.13
5869.3411,-6802.27,-12990.09,-9674.65,-3894.14
5869.3451,-6804.18,-12993.77,-9677.6,-3897.24
5869.3491,-6807.9,-12991.53,-9679.03,-3895.71
5869.3531,-6813.77,-12992.81,-9682.66,-3897.38
5869.3571,-6816.1,-12998.11,-9681.89,-3899.29
5869.3611,-6810.62,-12994.86,-9675.03,-3896.33
5869.3651,-6807.57,-12992.62,-9673.93,-3894.04
5869.3691,-6811.81,-12990.81,-9677.6,-3892.95
5869.3731,-6811.81,-12986.42,-9674.93,-3889.18
5869.3771,-6805.28,-12978.6,-9666.63,-3881.07
5869.3811,-6798.6,-12978.32,-9665.39,-3881.07
5869.3851,-6800.56,-12986.47,-9674.26,-3890.51
5869.3891,-6803.61,-12987.71,-9680.84,-3894.62
5869.3931,-6804.9,-12982.7,-9680.84,-3892.14
5869.3971,-6807.28,-12988.52,-9682.47,-3896.48
5869.4011,-6807.76,-12994.77,-9683.85,-3901.01
5869.4051,-6810.48,-12994.91,-9682.04,-3900.72
5869.4091,-6815.53,-12995.29,-9684.85,-3900.81
5869.4131,-6818.44,-12995.86,-9689.09,-3903.01
5869.4171,-6809.9,-12992.72,-9686.04,-3900.86
5869.4211,-6799.51,-12987.85,-9681.66,-3898.48
5869.4251,-6801.75,-12990.33,-9686.09,-3901.72
5869.4291,-6805.47,-12990.86,-9691.95,-3905.39
5869.4331,-6805.42,-12988.28,-9695.29,-3904.92
5869.4371,-6804.28,-12990.43,-9697.01,-3906.82
5869.4411,-6798.32,-12989.67,-9690.0,-3904.87
5869.4451,-6796.36,-12989.81,-9688.43,-3903.91
5869.4491,-6799.79,-12986.66,-9688.19,-3900.29
5869.4531,-6804.8,-12986.04,-9690.76,-3899.0
5869.4571,-6807.47,-12992.91,-9690.38,-3903.06
5869.4611,-6804.71,-12996.39,-9686.19,-3903.87
5869.4651,-6805.04,-12997.2,-9689.43,-3905.34
5869.4691,-6810.86,-13000.87,-9698.96,-3910.73
5869.4731,-6813.34,-13001.16,-9703.73,-3912.74
5869.4771,-6814.67,-13003.3,-9701.01,-3914.07
5869.4811,-6813.62,-13002.83,-9697.25,-3913.5
5869.4851,-6810.24,-13001.25,-9697.1,-3911.69
5869.4891,-6812.14,-13000.3,-9700.92,-3911.83
5869.4931,-6815.53,-13001.78,-9705.26,-3914.88
5869.4971,-6811.48,-13003.59,-9702.16,-3916.6
5869.5011,-6803.37,-13004.02,-9696.34,-3914.79
5869.5051,-6802.99,-13003.45,-9698.15,-3915.83
5869.5091,-6812.14,-13004.11,-9703.73,-3918.36
5869.5131,-6819.44,-13007.59,-9708.5,-3920.17
5869.5171,-6819.15,-13010.79,-9709.22,-3923.37
5869.5211,-6816.01,-13012.27,-9707.6,-3925.23
5869.5251,-6817.06,-13009.26,-9704.73,-3923.37
5869.5291,-6820.58,-13004.92,-9703.35,-3918.46
5869.5331,-6825.3,-13008.79,-9706.88,-3921.08
5869.5371,-6819.44,-13005.74,-9699.44,-3916.84
5869.5411,-6811.86,-13003.16,-9694.34,-3915.12
5869.5451,-6814.53,-13005.5,-9698.3,-3918.74
5869.5491,-6823.02,-13008.21,-9702.02,-3920.7
5869.5531,-6815.34,-13000.44,-9696.29,-3914.4
5869.5571,-6806.37,-12996.39,-9691.43,-3910.73
5869.5611,-6806.23,-13000.68,-9690.72,-3913.36
5869.5651,-6811.33,-13003.88,-9693.34,-3914.5
5869.5691,-6814.1,-13000.68,-9692.72,-3909.16
5869.5731,-6813.38,-12997.68,-9691.29,-3906.11
5869.5771,-6812.05,-13002.06,-9690.81,-3909.54
5869.5811,-6806.71,-13000.54,-9688.33,-3910.59
5869.5851,-6804.85,-12997.44,-9688.66,-3909.3
5869.5891,-6810.76,-12998.49,-9693.96,-3910.45
5869.5931,-6811.48,-12995.91,-9696.39,-3909.21
5869.5971,-6804.32,-12993.81,-9692.91,-3907.78
5869.6011,-6799.75,-12994.1,-9687.47,-3907.87
5869.6051,-6799.7,-12992.91,-9684.66,-3906.06
5869.6091,-6799.89,-12990.57,-9683.94,-3904.15
5869.6131,-6799.89,-12990.05,-9688.66,-3906.39
5869.6171,-6796.89,-12991.05,-9689.38,-3909.35
5869.6211,-6791.54,-12992.19,-9688.95,-3910.35
5869.6251,-6791.21,-12991.29,-9688.33,-3909.64
5869.6291,-6796.79,-12990.57,-9690.81,-3911.21
5869.6331,-6803.13,-12994.34,-9696.15,-3913.69
5869.6371,-6802.27,-12997.63,-9701.25,-3918.79
5869.6411,-6795.36,-12997.87,-9699.97,-3920.36
5869.6451,-6791.69,-12995.15,-9697.15,-3916.79
5869.6491,-6795.65,-12992.57,-9698.11,-3914.98
5869.6531,-6802.85,-12994.34,-9701.63,-3916.26
5869.6571,-6806.28,-12998.77,-9699.77,-3917.89
5869.6611,-6801.89,-12999.77,-9693.0,-3915.74
5869.6651,-6803.08,-13000.44,-9690.95,-3913.16
5869.6691,-6809.19,-13002.59,-9693.1,-3913.21
5869.6731,-6813.81,-13003.45,-9694.53,-3914.64
5869.6771,-6812.19,-13002.78,-9691.19,-3915.26
5869.6811,-6809.04,-13003.16,-9688.52,-3916.36
5869.6851,-6802.42,-12997.77,-9682.7,-3910.4
5869.6891,-6799.65,-12993.15,-9684.56,-3909.3
5869.6932,-6795.74,-12989.52,-9685.95,-3908.01
5869.6972,-6791.02,-12988.81,-9682.37,-3908.01
5869.7012,-6787.21,-12991.14,-9681.42,-3911.02
5869.7052,-6786.54,-12990.81,-9680.94,-3910.11
5869.7092,-6789.59,-12989.57,-9682.85,-3908.59
5869.7132,-6787.68,-12986.95,-9683.28,-3907.25
5869.7172,-6785.2,-12992.19,-9684.37,-3912.4
5869.7212,-6782.01,-12998.06,-9686.28,-3919.22
5869.7252,-6777.05,-12992.05,-9680.99,-3913.98
5869.7292,-6770.9,-12980.03,-9672.74,-3901.1
5869.7332,-6770.75,-12976.65,-9672.12,-3897.62
5869.7372,-6765.46,-12975.89,-9669.11,-3896.05
5869.7412,-6757.36,-12974.79,-9662.1,-3895.43
5869.7452,-6757.74,-12974.31,-9662.82,-3893.81
5869.7492,-6763.7,-12973.79,-9664.63,-3891.9
5869.7532,-6768.18,-12975.46,-9667.87,-3894.14
5869.7572,-6769.94,-12979.27,-9671.74,-3898.38
5869.7612,-6768.9,-12983.9,-9671.26,-3902.63
5869.7652,-6772.81,-12985.56,-9671.26,-3902.63
5869.7692,-6777.24,-12983.85,-9674.22,-3901.96
5869.7732,-6782.72,-12985.18,-9678.89,-3904.1
5869.7772,-6783.06,-12987.42,-9681.42,-3907.11
5869.7812,-6778.29,-12988.86,-9680.08,-3909.68
5869.7852,-6773.52,-12987.76,-9676.93,-3907.25
5869.7892,-6775.43,-12984.23,-9677.32,-3903.2
5869.7932,-6774.19,-12979.84,-9676.98,-3899.05
5869.7972,-6772.47,-12980.46,-9678.22,-3901.63
5869.8012,-6768.75,-12980.99,-9675.5,-3902.82
5869.8052,-6771.42,-12977.84,-9674.36,-3900.96
5869.8092,-6782.87,-12977.46,-9675.93,-3899.19
5869.8132,-6790.5,-12981.61,-9681.51,-3902.77
5869.8172,-6785.25,-12983.18,-9679.51,-3903.87
5869.8212,-6782.63,-12986.28,-9676.93,-3905.54
5869.8252,-6783.06,-12986.76,-9678.08,-3907.68
5869.8292,-6786.63,-12984.71,-9681.27,-3907.68
5869.8332,-6782.39,-12977.65,-9680.08,-3901.77
5869.8372,-6777.57,-12975.98,-9678.56,-3900.96
5869.8412,-6773.81,-12979.13,-9679.22,-3904.58
5869.8452,-6773.38,-12977.32,-9677.7,-3902.72
5869.8492,-6780.82,-12978.27,-9677.84,-3902.58
5869.8532,-6788.97,-12981.51,-9683.47,-3906.2
5869.8572,-6787.44,-12982.18,-9681.08,-3906.11
5869.8612,-6779.96,-12979.08,-9673.12,-3900.1
5869.8652,-6779.62,-12975.74,-9670.54,-3896.28
5869.8692,-6780.34,-12971.5,-9670.26,-3892.28
5869.8732,-6783.58,-12970.78,-9669.64,-3890.75
5869.8772,-6784.92,-12975.5,-9674.26,-3896.33
5869.8812,-6781.82,-12980.03,-9674.36,-3899.38
5869.8852,-6787.11,-12984.94,-9681.04,-3905.11
5869.8892,-6791.31,-12987.38,-9689.76,-3909.83
5869.8932,-6790.11,-12986.95,-9694.86,-3911.59
5869.8972,-6794.07,-12991.72,-9696.06,-3917.17
5869.9012,-6797.89,-12999.06,-9696.53,-3921.94
5869.9052,-6801.84,-12999.49,-9696.48,-3921.46
5869.9092,-6800.94,-12992.24,-9693.58,-3913.88
5869.9132,-6797.98,-12984.52,-9687.57,-3905.49
5869.9172,-6793.21,-12982.7,-9679.6,-3901.29
5869.9212,-6784.15,-12980.18,-9672.45,-3897.86
5869.9252,-6783.34,-12980.89,-9674.69,-3897.86
5869.9292,-6784.77,-12980.51,-9679.65,-3899.05
5869.9332,-6786.54,-12979.22,-9679.6,-3897.38
5869.9372,-6780.1,-12974.31,-9671.31,-3893.47
5869.9412,-6779.29,-12976.36,-9672.5,-3897.1
5869.9452,-6789.35,-12982.75,-9680.37,-3904.53
5869.9492,-6799.75,-12987.23,-9690.95,-3910.88
5869.9532,-6801.51,-12989.47,-9695.63,-3914.12
5869.9572,-6797.27,-12989.95,-9691.24,-3912.93
5869.9612,-6793.69,-12990.67,-9687.76,-3911.54
5869.9652,-6792.55,-12989.95,-9691.38,-3912.54
5869.9692,-6794.31,-12987.38,-9693.91,-3911.69
5869.9732,-6787.49,-12982.75,-9688.57,-3906.06
5869.9772,-6780.86,-12980.32,-9680.65,-3902.1
5869.9812,-6777.57,-12979.99,-9679.18,-3903.96
5869.9852,-6779.29,-12981.03,-9684.04,-3907.49
5869.9892,-6785.73,-12980.08,-9688.43,-3907.3
5869.9932,-6789.4,-12979.8,-9689.28,-3906.68
5869.9972,-6786.3,-12981.03,-9687.62,-3908.49
5870.0012,-6788.21,-12986.76,-9690.05,-3913.26
5870.0052,-6792.88,-12991.76,-9695.48,-3917.03
5870.0092,-6797.98,-12992.29,-9696.53,-3915.83
5870.0132,-6798.79,-12990.09,-9693.29,-3911.78
5870.0172,-6797.6,-12994.48,-9690.1,-3910.73
5870.0212,-6794.31,-12996.39,-9687.23,-3913.4
5870.0252,-6794.79,-12994.24,-9691.19,-3916.98
5870.0292,-6799.51,-12991.81,-9696.72,-3917.6
5870.0332,-6802.75,-12991.86,-9700.97,-3921.18
5870.0372,-6797.89,-12993.29,-9696.68,-3920.36
5870.0412,-6788.54,-12991.05,-9691.24,-3917.69
5870.0452,-6787.01,-12989.81,-9693.39,-3916.93
5870.0492,-6796.46,-12992.91,-9700.25,-3920.27
5870.0532,-6800.56,-12995.44,-9705.59,-3923.37
5870.0572,-6801.22,-12999.49,-9704.59,-3925.94
5870.0612,-6802.37,-13004.59,-9704.3,-3928.71
5870.0652,-6803.04,-12999.77,-9699.3,-3923.32
5870.0692,-6806.18,-12996.68,-9700.39,-3921.32
5870.0732,-6809.47,-12996.91,-9701.59,-3920.27
5870.0772,-6804.28,-12996.58,-9697.06,-3917.46
5870.0812,-6797.08,-12994.86,-9694.43,-3917.69
5870.0852,-6789.35,-12985.56,-9689.0,-3910.45
5870.0892,-6791.16,-12977.79,-9688.09,-3903.72
5870.0932,-6791.5,-12976.27,-9690.38,-3902.58
5870.0972,-6787.73,-12977.22,-9680.89,-3899.38
5870.1012,-6780.58,-12976.5,-9669.83,-3896.43
5870.1052,-6781.29,-12977.12,-9674.69,-3899.0
5870.1092,-6781.2,-12975.07,-9676.98,-3899.19
5870.1132,-6791.69,-12980.94,-9683.94,-3905.01
5870.1172,-6794.79,-12986.04,-9686.57,-3909.73
5870.1212,-6793.07,-12988.19,-9685.71,-3910.35
5870.1252,-6790.26,-12983.18,-9682.85,-3905.96
5870.1292,-6789.69,-12977.22,-9684.75,-3903.58
5870.1332,-6792.26,-12978.36,-9689.9,-3905.58
5870.1372,-6792.02,-12981.94,-9688.81,-3908.21
5870.1412,-6788.4,-12985.14,-9684.75,-3909.54
5870.1452,-6789.97,-12986.23,-9682.94,-3908.35
5870.1492,-6796.41,-12985.28,-9685.95,-3906.73
5870.1532,-6796.98,-12982.08,-9687.62,-3904.44
5870.1572,-6795.93,-12985.09,-9686.9,-3907.01
5870.1612,-6795.07,-12989.09,-9688.43,-3910.73
5870.1652,-6795.55,-12988.81,-9691.76,-3911.07
5870.1692,-6799.32,-12986.85,-9693.19,-3909.87
5870.1732,-6796.55,-12980.61,-9688.33,-3905.25
5870.1772,-6791.83,-12979.84,-9684.13,-3904.68
5870.1812,-6789.02,-12979.94,-9679.37,-3903.25
5870.1852,-6785.06,-12973.26,-9670.93,-3896.57
5870.1892,-6786.2,-12969.83,-9669.59,-3893.47
5870.1932,-6788.49,-12971.12,-9670.88,-3894.28
5870.1972,-6784.49,-12971.78,-9668.83,-3892.61
5870.2012,-6784.01,-12975.27,-9670.12,-3895.14
5870.2052,-6785.39,-12975.03,-9673.07,-3897.05
5870.2092,-6789.4,-12974.12,-9679.18,-3896.33
5870.2132,-6791.4,-12973.88,-9683.8,-3897.62
5870.2172,-6787.87,-12976.27,-9683.13,-3898.48
5870.2213,-6782.39,-12976.84,-9678.79,-3898.57
5870.2253,-6782.58,-12978.41,-9680.75,-3902.01
5870.2293,-6785.73,-12978.84,-9684.85,-3901.29
5870.2333,-6791.69,-12982.47,-9688.47,-3904.06
5870.2373,-6792.78,-12988.95,-9688.09,-3910.16
5870.2413,-6791.54,-12991.86,-9684.04,-3911.35
5870.2453,-6794.31,-12990.57,-9683.47,-3908.97
5870.2493,-6797.36,-12989.28,-9686.8,-3908.92
5870.2533,-6797.6,-12987.9,-9686.42,-3908.54
5870.2573,-6797.55,-12991.05,-9684.66,-3909.68
5870.2613,-6794.88,-12992.0,-9682.66,-3909.78
5870.2653,-6795.98,-12992.24,-9686.38,-3910.69
5870.2693,-6800.99,-12994.39,-9696.2,-3915.26
5870.2733,-6801.75,-12991.86,-9700.01,-3914.69
5870.2773,-6804.28,-12995.1,-9702.21,-3919.7
5870.2813,-6808.95,-13003.88,-9702.49,-3925.71
5870.2853,-6812.19,-13005.69,-9704.5,-3928.57
5870.2893,-6812.62,-13001.25,-9706.83,-3927.09
5870.2933,-6807.19,-12994.58,-9702.3,-3921.22
5870.2973,-6796.31,-12988.81,-9692.62,-3912.74
5870.3013,-6794.55,-12989.14,-9689.9,-3910.69
5870.3053,-6799.89,-12997.25,-9695.63,-3917.55
5870.3093,-6803.61,-13003.83,-9703.4,-3925.61
5870.3133,-6811.81,-13008.45,-9708.36,-3930.62
5870.3173,-6814.67,-13014.13,-9708.45,-3934.24
5870.3213,-6816.24,-13019.66,-9710.84,-3939.44
5870.3253,-6817.06,-13020.14,-9714.84,-3939.53
5870.3293,-6820.25,-13018.47,-9717.94,-3937.34
5870.3333,-6823.3,-13018.61,-9723.43,-3940.44
5870.3373,-6819.2,-13018.51,-9721.76,-3941.73
5870.3413,-6815.43,-13018.32,-9717.61,-3941.11
5870.3453,-6816.2,-13017.56,-9718.75,-3940.58
5870.3493,-6819.77,-13015.65,-9718.42,-3938.06
5870.3533,-6820.63,-13015.94,-9722.04,-3940.25
5870.3573,-6821.59,-13020.56,-9724.43,-3943.92
5870.3613,-6818.01,-13019.8,-9716.32,-3940.54
5870.3653,-6811.57,-13014.13,-9708.64,-3934.0
5870.3693,-6812.38,-13009.65,-9705.45,-3930.0
5870.3733,-6812.86,-13009.88,-9706.4,-3929.76
5870.3773,-6809.04,-13011.41,-9707.17,-3932.29
5870.3813,-6806.33,-13012.65,-9706.78,-3935.29
5870.3853,-6808.76,-13012.32,-9708.26,-3934.29
5870.3893,-6815.15,-13013.13,-9712.22,-3936.01
5870.3933,-6822.21,-13016.99,-9716.32,-3938.72
5870.3973,-6818.72,-13017.94,-9715.7,-3939.49
5870.4013,-6815.15,-13018.51,-9712.74,-3941.06
5870.4053,-6817.53,-13019.42,-9713.27,-3939.87
5870.4093,-6821.78,-13018.85,-9717.32,-3939.39
5870.4133,-6826.21,-13020.33,-9723.24,-3942.63
5870.4173,-6821.73,-13021.09,-9719.23,-3942.16
5870.4213,-6816.86,-13017.85,-9709.88,-3936.86
5870.4253,-6816.53,-13014.46,-9705.88,-3933.62
5870.4293,-6818.25,-13012.6,-9707.02,-3931.52
5870.4333,-6813.53,-13005.4,-9701.35,-3923.08
5870.4373,-6801.46,-12999.39,-9690.38,-3915.64
5870.4413,-6791.54,-12993.77,-9681.37,-3910.3
5870.4453,-6787.11,-12991.29,-9684.75,-3911.11
5870.4493,-6793.17,-12993.0,-9692.57,-3913.93
5870.4533,-6800.75,-12993.43,-9692.91,-3914.21
5870.4573,-6805.99,-12999.39,-9692.38,-3917.79
5870.4613,-6805.42,-13002.54,-9690.29,-3920.27
5870.4653,-6805.33,-13003.64,-9691.86,-3921.13
5870.4693,-6810.71,-13003.83,-9694.01,-3920.75
5870.4733,-6812.14,-13004.3,-9694.39,-3919.74
5870.4773,-6808.85,-13007.36,-9694.63,-3921.94
5870.4813,-6803.56,-13009.41,-9691.05,-3921.75
5870.4853,-6802.18,-13006.64,-9690.43,-3920.51
5870.4893,-6804.04,-13001.3,-9693.67,-3917.98
5870.4933,-6797.84,-12993.67,-9689.52,-3911.59
5870.4973,-6788.54,-12990.86,-9680.56,-3908.92
5870.5013,-6782.06,-12988.95,-9674.74,-3908.44
5870.5053,-6781.86,-12987.19,-9674.12,-3905.96
5870.5093,-6788.97,-12987.71,-9681.75,-3908.97
5870.5133,-6795.36,-12991.48,-9687.14,-3911.73
5870.5173,-6794.88,-12993.38,-9684.61,-3912.12
5870.5213,-6798.22,-12999.63,-9686.52,-3917.65
5870.5253,-6801.8,-13003.21,-9691.05,-3922.56
5870.5293,-6801.65,-12999.39,-9691.43,-3921.56
5870.5333,-6807.04,-13002.92,-9697.01,-3924.23
5870.5373,-6808.09,-13008.93,-9699.68,-3929.0
5870.5413,-6805.52,-13012.7,-9696.82,-3929.95
5870.5453,-6805.42,-13013.13,-9696.58,-3929.95
5870.5493,-6808.57,-13007.79,-9693.1,-3923.61
5870.5533,-6797.74,-12994.72,-9680.8,-3908.35
5870.5573,-6745.15,-12946.7,-9629.39,-3860.28
5870.5613,-6716.68,-12921.95,-9601.88,-3835.15
5870.5653,-6711.2,-12914.9,-9599.07,-3831.01
5870.5693,-6712.25,-12911.8,-9603.55,-3831.1
5870.5733,-6712.06,-12909.84,-9603.31,-3829.81
5870.5773,-6709.19,-12912.08,-9599.73,-3830.96
5870.5813,-6708.19,-12915.85,-9597.3,-3832.1
5870.5853,-6710.53,-12916.61,-9598.35,-3832.67
5870.5893,-6711.72,-12912.7,-9597.73,-3829.43
5870.5933,-6715.73,-12914.33,-9602.31,-3832.39
5870.5973,-6709.05,-12914.61,-9602.88,-3835.25
5870.6013,-6700.23,-12915.23,-9602.26,-3835.15
5870.6053,-6703.76,-12914.95,-9604.5,-3836.68
5870.6093,-6707.57,-12910.42,-9604.88,-3834.2
5870.6133,-6703.71,-12903.31,-9599.5,-3826.71
5870.6173,-6697.37,-12900.88,-9592.72,-3823.47
5870.6213,-6688.83,-12897.68,-9586.0,-3819.28
5870.6253,-6686.5,-12890.48,-9583.19,-3813.89
5870.6293,-6686.4,-12885.86,-9582.62,-3808.55
5870.6333,-6685.02,-12885.14,-9581.42,-3806.64
5870.6373,-6679.87,-12887.53,-9575.75,-3807.35
5870.6413,-6674.39,-12888.43,-9570.31,-3805.49
5870.6453,-6673.38,-12886.38,-9568.07,-3802.25
5870.6493,-6680.2,-12886.91,-9570.89,-3803.02
5870.6533,-6686.97,-12889.72,-9575.42,-3805.45
5870.6573,-6691.74,-12896.16,-9577.61,-3810.02
5870.6613,-6693.41,-12900.64,-9579.37,-3815.22
5870.6653,-6695.61,-12900.4,-9584.43,-3818.7
5870.6693,-6699.56,-12897.83,-9590.72,-3817.99
5870.6733,-6697.27,-12893.54,-9591.15,-3813.98
5870.6773,-6692.84,-12893.87,-9588.53,-3815.13
5870.6813,-6686.64,-12893.06,-9582.62,-3813.84
5870.6853,-6684.92,-12890.96,-9578.66,-3809.83
5870.6893,-6691.89,-12890.2,-9579.04,-3807.97
5870.6933,-6693.65,-12887.57,-9576.18,-3803.35
5870.6973,-6691.03,-12887.67,-9571.89,-3801.58
5870.7013,-6687.64,-12888.39,-9569.74,-3801.97
5870.7053,-6688.02,-12886.86,-9569.07,-3801.39
5870.7093,-6691.08,-12884.52,-9572.22,-3800.11
5870.7133,-6692.27,-12885.1,-9579.09,-3804.68
5870.7173,-6689.88,-12887.67,-9581.47,-3809.26
5870.7213,-6694.89,-12898.26,-9587.24,-3817.99
5870.7253,-6697.75,-12901.36,-9593.11,-3822.42
5870.7293,-6703.19,-12898.02,-9594.73,-3819.85
5870.7333,-6706.14,-12895.78,-9594.39,-3815.89
5870.7373,-6702.38,-12895.16,-9583.67,-3811.22
5870.7413,-6695.99,-12892.77,-9571.27,-3802.87
5870.7453,-6688.88,-12885.91,-9566.31,-3794.81
5870.7494,-6691.17,-12881.19,-9565.78,-3790.0
5870.7534,-6687.17,-12874.89,-9560.54,-3783.56
5870.7574,-6676.44,-12868.88,-9552.05,-3779.94
5870.7614,-6671.38,-12864.31,-9547.66,-3778.03
5870.7654,-6670.71,-12861.87,-9550.29,-3778.79
5870.7694,-6676.53,-12865.16,-9556.1,-3780.79
5870.7734,-6680.82,-12869.26,-9564.21,-3785.61
5870.7774,-6679.01,-12875.61,-9568.84,-3794.24
5870.7814,-6673.15,-12877.18,-9566.36,-3795.58
5870.7854,-6677.63,-12878.13,-9565.97,-3795.62
5870.7894,-6683.73,-12878.66,-9567.98,-3795.43
5870.7934,-6683.83,-12877.32,-9571.17,-3795.1
5870.7974,-6677.15,-12876.37,-9566.74,-3792.1
5870.8014,-6674.86,-12878.04,-9563.02,-3792.48
5870.8054,-6674.86,-12877.89,-9563.02,-3793.05
5870.8094,-6671.76,-12873.27,-9564.78,-3790.43
5870.8134,-6679.49,-12876.18,-9571.93,-3795.53
5870.8174,-6684.59,-12883.04,-9575.13,-3801.63
5870.8214,-6688.88,-12889.39,-9579.56,-3808.93
5870.8254,-6693.79,-12892.92,-9588.2,-3813.89
5870.8294,-6699.37,-12894.63,-9597.59,-3817.99
5870.8334,-6698.04,-12891.25,-9595.16,-3815.75
5870.8374,-6689.07,-12888.0,-9586.86,-3810.41
5870.8414,-6682.92,-12888.15,-9581.9,-3806.97
5870.8454,-6681.73,-12886.14,-9579.8,-3804.11
5870.8494,-6684.88,-12885.38,-9579.66,-3802.87
5870.8534,-6680.01,-12878.75,-9574.51,-3797.96
5870.8574,-6676.53,-12876.46,-9570.22,-3795.39
5870.8614,-6675.77,-12874.7,-9566.83,-3794.05
5870.8654,-6677.34,-12873.6,-9569.46,-3795.58
5870.8694,-6678.73,-12872.94,-9571.55,-3795.43
5870.8734,-6680.11,-12872.98,-9574.13,-3797.34
5870.8774,-6681.11,-12879.42,-9575.8,-3802.25
5870.8814,-6685.21,-12884.71,-9575.56,-3805.21
5870.8854,-6686.74,-12884.33,-9574.7,-3803.78
5870.8894,-6689.6,-12884.09,-9577.51,-3802.82
5870.8934,-6694.03,-12886.38,-9580.28,-3804.54
5870.8974,-6699.42,-12893.77,-9583.24,-3811.46
5870.9014,-6696.18,-12897.92,-9581.9,-3812.27
5870.9054,-6692.98,-12897.06,-9584.33,-3812.41
5870.9094,-6696.23,-12893.25,-9585.72,-3810.74
5870.9134,-6696.18,-12891.34,-9587.72,-3811.41
5870.9174,-6690.31,-12888.39,-9582.81,-3808.07
5870.9214,-6683.21,-12885.19,-9579.14,-3803.78
5870.9254,-6683.3,-12883.0,-9580.04,-3801.58
5870.9294,-6685.07,-12880.04,-9580.23,-3799.87
5870.9334,-6687.07,-12880.42,-9577.08,-3798.34
5870.9374,-6684.26,-12882.52,-9571.12,-3797.25
5870.9414,-6680.39,-12883.81,-9567.21,-3798.96
5870.9454,-6680.87,-12884.95,-9570.17,-3799.58
5870.9494,-6681.3,-12882.33,-9571.6,-3797.15
5870.9534,-6679.49,-12881.38,-9573.37,-3796.86
5870.9574,-6679.34,-12883.71,-9575.08,-3800.58
5870.9614,-6675.82,-12885.48,-9574.03,-3802.87
5870.9654,-6675.29,-12883.28,-9576.04,-3803.73
5870.9694,-6673.62,-12877.56,-9577.56,-3800.11
5870.9734,-6674.48,-12875.84,-9577.85,-3798.58
5870.9774,-6668.47,-12872.46,-9570.84,-3794.62
5870.9814,-6662.99,-12868.84,-9560.44,-3787.76
5870.9854,-6667.66,-12867.83,-9554.39,-3783.51
5870.9894,-6671.52,-12865.35,-9554.1,-3780.65
5870.9934,-6669.05,-12862.59,-9553.67,-3778.74
5870.9974,-6659.41,-12857.39,-9542.51,-3770.83
5871.0014,-6658.27,-12858.44,-9537.84,-3768.83
5871.0054,-6662.18,-12860.44,-9541.37,-3769.73
5871.0094,-6666.09,-12862.59,-9548.9,-3773.26
5871.0134,-6670.33,-12866.4,-9558.54,-3778.65
5871.0174,-6668.52,-12871.41,-9563.35,-3784.75
5871.0214,-6667.47,-12875.56,-9564.83,-3791.62
5871.0254,-6671.24,-12877.08,-9565.16,-3793.67
5871.0294,-6680.78,-12878.32,-9567.6,-3792.76
5871.0334,-6687.78,-12882.33,-9574.41,-3797.44
5871.0374,-6685.64,-12885.95,-9577.85,-3802.35
5871.0414,-6677.68,-12883.14,-9572.36,-3798.44
5871.0454,-6673.58,-12877.94,-9572.08,-3796.05
5871.0494,-6673.77,-12874.75,-9575.03,-3793.76
5871.0534,-6664.9,-12863.83,-9564.11,-3782.7
5871.0574,-6656.46,-12858.49,-9554.43,-3777.46
5871.0614,-6647.87,-12854.86,-9544.66,-3770.59
5871.0654,-6650.02,-12853.67,-9545.61,-3770.16
5871.0694,-6653.74,-12853.34,-9549.0,-3770.21
5871.0734,-6660.7,-12855.25,-9552.34,-3771.31
5871.0774,-6662.23,-12861.63,-9556.72,-3777.98
5871.0814,-6659.56,-12862.78,-9555.15,-3779.17
5871.0854,-6660.27,-12863.83,-9556.77,-3780.32
5871.0894,-6662.85,-12861.06,-9558.92,-3778.55
5871.0934,-6665.8,-12862.87,-9562.11,-3777.55
5871.0974,-6663.51,-12864.69,-9562.54,-3780.41
5871.1014,-6656.5,-12860.87,-9557.44,-3778.55
5871.1054,-6655.5,-12855.2,-9552.19,-3773.12
5871.1094,-6660.89,-12854.05,-9556.77,-3774.45
5871.1134,-6659.22,-12850.48,-9557.68,-3771.73
5871.1174,-6650.02,-12846.28,-9549.95,-3767.35
5871.1214,-6647.78,-12848.33,-9543.75,-3764.25
5871.1254,-6654.6,-12852.05,-9548.14,-3767.92
5871.1294,-6661.99,-12856.39,-9556.2,-3772.35
5871.1334,-6662.99,-12856.82,-9559.25,-3774.74
5871.1374,-6656.7,-12855.1,-9553.2,-3770.97
5871.1414,-6656.7,-12860.2,-9555.53,-3776.88
5871.1455,-6660.03,-12862.97,-9563.35,-3783.46
5871.1495,-6670.95,-12867.79,-9568.36,-3786.76
5871.1535,-6674.53,-12870.03,-9568.17,-3787.37
5871.1575,-6670.05,-12871.46,-9565.31,-3788.85
5871.1615,-6663.61,-12871.65,-9562.45,-3789.76
5871.1655,-6658.89,-12867.31,-9560.59,-3785.56
5871.1695,-6666.76,-12866.31,-9567.6,-3787.14
5871.1735,-6668.19,-12863.11,-9563.97,-3782.23
5871.1775,-6658.98,-12860.63,-9552.43,-3775.74
5871.1815,-6654.41,-12862.3,-9546.42,-3774.17
5871.1855,-6653.5,-12856.58,-9541.46,-3767.59
5871.1895,-6657.41,-12852.81,-9543.71,-3766.3
5871.1935,-6657.79,-12854.43,-9549.57,-3769.83
5871.1975,-6656.93,-12857.72,-9554.67,-3776.6
5871.2015,-6663.04,-12864.64,-9560.78,-3784.99
5871.2055,-6667.71,-12866.98,-9565.45,-3788.33
5871.2095,-6665.52,-12862.3,-9563.16,-3783.61
5871.2135,-6666.66,-12860.59,-9562.16,-3781.56
5871.2175,-6664.47,-12862.16,-9560.63,-3781.32
5871.2215,-6662.32,-12862.78,-9559.44,-3781.61
5871.2255,-6664.13,-12863.97,-9562.45,-3781.99
5871.2295,-6665.18,-12862.02,-9565.02,-3782.23
5871.2335,-6664.32,-12860.68,-9570.08,-3783.75
5871.2375,-6661.56,-12863.21,-9571.12,-3787.23
5871.2415,-6664.47,-12867.79,-9569.36,-3789.23
5871.2455,-6669.57,-12870.12,-9569.6,-3789.81
5871.2495,-6668.28,-12863.11,-9566.07,-3784.18
5871.2535,-6662.89,-12856.58,-9561.49,-3778.7
5871.2575,-6658.89,-12858.54,-9561.73,-3780.75
5871.2615,-6662.08,-12862.83,-9564.88,-3786.23
5871.2655,-6663.28,-12861.49,-9565.4,-3785.56
5871.2695,-6666.04,-12861.49,-9567.79,-3784.7
5871.2735,-6667.33,-12861.54,-9571.6,-3786.99
