,time_stamp_msg_send,message
0,2023-03-09 15:35:21.917172,4M2919
1,2023-03-09 15:35:22.004388,NAJCOD
2,2023-03-09 15:35:24.926600,SQNQGC
3,2023-03-09 15:35:27.697816,WY7QH1
4,2023-03-09 15:35:30.174089,0HUVQI
5,2023-03-09 15:35:31.796237,VAJO13
6,2023-03-09 15:35:32.210367,709D33
7,2023-03-09 15:35:33.764639,COSRHI
8,2023-03-09 15:35:35.305834,FBVFC8
9,2023-03-09 15:35:37.532042,O3XFBL
10,2023-03-09 15:35:37.788306,76H54A
11,2023-03-09 15:35:38.671430,RNXLIY
12,2023-03-09 15:35:40.482694,299K40
13,2023-03-09 15:35:43.158916,ZTJMBI
14,2023-03-09 15:35:46.089146,HJNYPO
15,2023-03-09 15:35:47.052217,CU777M
16,2023-03-09 15:35:48.935303,KIBYWH
17,2023-03-09 15:35:49.742496,TN268C
18,2023-03-09 15:35:52.478755,HDTJ39
19,2023-03-09 15:35:53.462026,WQRMGZ
20,2023-03-09 15:35:53.692396,CJTQZD
21,2023-03-09 15:35:53.750151,3JVIN1
22,2023-03-09 15:35:55.776354,DY11GX
23,2023-03-09 15:35:55.936649,KCEF1T
24,2023-03-09 15:35:56.530891,V030HK
25,2023-03-09 15:35:58.329154,5DFWS9
26,2023-03-09 15:36:01.205398,B6J44U
27,2023-03-09 15:36:01.573626,K921HF
28,2023-03-09 15:36:03.188884,5L87LY
29,2023-03-09 15:36:04.093412,2IGMD3
30,2023-03-09 15:36:04.235641,ACIC28
31,2023-03-09 15:36:07.181789,DH7KWA
32,2023-03-09 15:36:08.717930,29JBXL
33,2023-03-09 15:36:09.948147,4Y1GU9
34,2023-03-09 15:36:10.920399,KP9WAK
35,2023-03-09 15:36:10.998667,7EEGYM
36,2023-03-09 15:36:11.735214,H9HQNS
37,2023-03-09 15:36:14.324468,BZNM10
38,2023-03-09 15:36:16.242579,NXL20Y
39,2023-03-09 15:36:17.803814,N9A1D8
40,2023-03-09 15:36:20.315010,I27KPB
41,2023-03-09 15:36:22.015405,YOAXKE
42,2023-03-09 15:36:22.591660,19UT98
43,2023-03-09 15:36:23.040924,EUDJ1J
44,2023-03-09 15:36:23.386150,SSH6PM
45,2023-03-09 15:36:24.994252,4UBLG4
46,2023-03-09 15:36:26.821809,LQY7RC
47,2023-03-09 15:36:29.546307,B27K69
48,2023-03-09 15:36:30.164862,FBC5Q3
49,2023-03-09 15:36:31.777116,YZ0F25
